data_base,ocupacao,carteira_ativa,carteira_inadimplida_arrastada,inadimplencia
2012-06-01,PF - Aposentado/pensionista,3792468702.9,68216649.2,0.017987399381262276
2012-06-01,PF - Autônomo,16494547644.1,268407750.49,0.016272513577297636
2012-06-01,PF - Empregado de empresa privada,51462782862.450005,558234607.47,0.01084734591524233
2012-06-01,PF - Empregado de entidades sem fins lucrativos,333763004.27,2538170.7399999998,0.007604709651842444
2012-06-01,PF - Empresário,29584965124.42,451808847.3,0.015271569373156648
2012-06-01,PF - Outros,72748719793.43001,1157494893.19,0.015910862713140614
2012-06-01,PF - Servidor ou empregado público,36545192529.8,304858459.12,0.00834195794348079
2012-07-01,PF - Aposentado/pensionista,3810838349.76,46625774.63,0.012235043932770438
2012-07-01,PF - Autônomo,16974453665.28,258787812.42,0.015245722632554087
2012-07-01,PF - Empregado de empresa privada,52571658527.91,540339543.18,0.01027815287381768
2012-07-01,PF - Empregado de entidades sem fins lucrativos,343662910.02,3011216.03,0.008762121084945586
2012-07-01,PF - Empresário,30340612917.68,444790500.2,0.014659904907221332
2012-07-01,PF - Outros,75482752437.77,1152089936.3,0.015262956093841618
2012-07-01,PF - Servidor ou empregado público,37408575801.33,276081724.2,0.007380172013663892
2012-08-01,PF - Aposentado/pensionista,3876020850.33,48110754.65,0.012412408629304433
2012-08-01,PF - Autônomo,17522529472.6,258570421.49,0.014756455219226592
2012-08-01,PF - Empregado de empresa privada,53958947287.53,551771907.83,0.010225772287398117
2012-08-01,PF - Empregado de entidades sem fins lucrativos,352455771.71,3625000.21,0.01028497899867744
2012-08-01,PF - Empresário,31269744464.45,447512234.94,0.014311349280412843
2012-08-01,PF - Outros,78629900545.74,1238203504.62,0.015747234779976877
2012-08-01,PF - Servidor ou empregado público,38422730113.63,271585835.44,0.007068363821020053
2012-09-01,PF - Aposentado/pensionista,3843371070.35,48405377.76,0.012594510619447401
2012-09-01,PF - Autônomo,17745024194.14,284859428.04,0.01605291854908094
2012-09-01,PF - Empregado de empresa privada,54340786760.44,586176961.55,0.010787053270578257
2012-09-01,PF - Empregado de entidades sem fins lucrativos,354279528.54,3713226.9,0.010481065375982505
2012-09-01,PF - Empresário,31726752949.35,499894961.78,0.015756259790532443
2012-09-01,PF - Outros,80576143180.03,1311436263.18,0.016275738840588073
2012-09-01,PF - Servidor ou empregado público,38491287856.67,287960658.73,0.007481190543747953
2012-10-01,PF - Aposentado/pensionista,3876931921.95,46974602.56,0.012116437302920953
2012-10-01,PF - Autônomo,18198578488.29,283592428.63,0.015583218700981479
2012-10-01,PF - Empregado de empresa privada,55527999783.49,589854478.57,0.010622649489805323
2012-10-01,PF - Empregado de entidades sem fins lucrativos,366442267.28,4212486.25,0.011495634172520886
2012-10-01,PF - Empresário,32550914257.29,501755433.95,0.015414480526845062
2012-10-01,PF - Outros,83373430324.73,1296946020.55,0.015555867324860488
2012-10-01,PF - Servidor ou empregado público,39345391317.71,293487299.56,0.007459254813101747
2012-11-01,PF - Aposentado/pensionista,3916474489.3,51576663.78,0.013169156066485296
2012-11-01,PF - Autônomo,18593284652.920002,287418041.94,0.015458163918060713
2012-11-01,PF - Empregado de empresa privada,56585694700.89,624639028.8,0.011038815235932331
2012-11-01,PF - Empregado de entidades sem fins lucrativos,376287338.6,3980879.73,0.01057936135935667
2012-11-01,PF - Empresário,33291159813.59,518067050.29,0.015561700258893248
2012-11-01,PF - Outros,85976533387.06999,1363710720.54,0.015861429471696848
2012-11-01,PF - Servidor ou empregado público,40086784422.98,299663768.72,0.00747537556412771
2012-12-01,PF - Aposentado/pensionista,3963283866.01,47722935.11,0.012041260914788984
2012-12-01,PF - Autônomo,19104134835.83,277554340.89,0.014528495703948026
2012-12-01,PF - Empregado de empresa privada,57911629800.19,583419032.32,0.01007429827709815
2012-12-01,PF - Empregado de entidades sem fins lucrativos,383279735.88,3462428.96,0.009033686458926288
2012-12-01,PF - Empresário,34163040988.41,508631258.55,0.014888348455939738
2012-12-01,PF - Outros,88982675903.59,1325376891.1299999,0.01489477449032894
2012-12-01,PF - Servidor ou empregado público,41160846739.3,283319896.52,0.006883237808844411
2013-01-01,PF - Aposentado/pensionista,3989767839.06,43764796.12,0.010969258835449207
2013-01-01,PF - Autônomo,19510209296.16,282600159.11,0.014484732317332003
2013-01-01,PF - Empregado de empresa privada,58894735387.22,578987357.61,0.009830884777786755
2013-01-01,PF - Empregado de entidades sem fins lucrativos,395015419.67,4226652.14,0.010699967468437026
2013-01-01,PF - Empresário,34813357464.82,506735160.16,0.014555768160886865
2013-01-01,PF - Outros,91698128281.7,1377611533.42,0.015023333182853277
2013-01-01,PF - Servidor ou empregado público,41844131038.98,270171575.62,0.006456618142418133
2013-02-01,PF - Aposentado/pensionista,4014957551.18,48139020.97,0.011989920280938437
2013-02-01,PF - Autônomo,19858842797.45,326258720.02,0.016428888800202077
2013-02-01,PF - Empregado de empresa privada,59763965763.92,656432020.4,0.010983742661807986
2013-02-01,PF - Empregado de entidades sem fins lucrativos,397571402.68,4585165.24,0.011532935239033124
2013-02-01,PF - Empresário,35445281806.83,570985760.11,0.01610893554808685
2013-02-01,PF - Outros,94153881586.31,1621069453.36,0.01721723444693016
2013-02-01,PF - Servidor ou empregado público,42482474256.01,313648627.01,0.007383012230405296
2013-03-01,PF - Aposentado/pensionista,4060936710.73,52091923.28,0.01282756343933168
2013-03-01,PF - Autônomo,20357827662.97,375789785.58,0.018459228155445345
2013-03-01,PF - Empregado de empresa privada,61086416507.369995,737184173.5,0.012067890304402775
2013-03-01,PF - Empregado de entidades sem fins lucrativos,403453222.4,4974289.32,0.012329283901637268
2013-03-01,PF - Empresário,36326011252.02,634319887.07,0.017461864520969865
2013-03-01,PF - Outros,97404590449.05,1855383319.89,0.019048212320758193
2013-03-01,PF - Servidor ou empregado público,43409615288.69,352276162.28,0.008115164346360436
2013-04-01,PF - Aposentado/pensionista,4105256975.14,55451780.54,0.013507505346387956
2013-04-01,PF - Autônomo,20881895756.94,360471150.52,0.017262376688198872
2013-04-01,PF - Empregado de empresa privada,62455112317.1,748685775.34,0.011987581921856737
2013-04-01,PF - Empregado de entidades sem fins lucrativos,417599154.53000003,4999980.06,0.011973156568354126
2013-04-01,PF - Empresário,37267273601.28,632973609.97,0.016984703972234224
2013-04-01,PF - Outros,100841032157.64,1913822042.26,0.01897860425772133
2013-04-01,PF - Servidor ou empregado público,44339533195.77,363274364.37,0.008193012830470133
2013-05-01,PF - Aposentado/pensionista,4154774627.72,57684134.07,0.013883817833376706
2013-05-01,PF - Autônomo,21491905256.51,379796779.01,0.017671619825094742
2013-05-01,PF - Empregado de empresa privada,63988077207.549995,792156340.33,0.012379749086077132
2013-05-01,PF - Empregado de entidades sem fins lucrativos,429035628.95,3968198.91,0.009249112759496381
2013-05-01,PF - Empresário,38375231957.47,658677922.89,0.017164141799064326
2013-05-01,PF - Outros,105476457185.49,2056028367.07,0.019492770443116855
2013-05-01,PF - Servidor ou empregado público,45396744361.9,385043303.32,0.008481738255291148
2013-06-01,PF - Aposentado/pensionista,4208084020.65,48276943.1,0.011472428512143378
2013-06-01,PF - Autônomo,22100897803.81,336639418.75,0.015231934093282233
2013-06-01,PF - Empregado de empresa privada,65579329886.83,709008169.85,0.010811457986434639
2013-06-01,PF - Empregado de entidades sem fins lucrativos,440843129.1,3940044.88,0.00893752135378353
2013-06-01,PF - Empresário,39447264906.97,617564211.1800001,0.01565543802939001
2013-06-01,PF - Outros,109521252966.36,1881844177.19,0.017182456612033263
2013-06-01,PF - Servidor ou empregado público,46499930088.49,350504710.98,0.007537747052801688
2013-07-01,PF - Aposentado/pensionista,4255111994.98,51763955.44,0.012165121740877539
2013-07-01,PF - Autônomo,22705739492.49,344994705.78000003,0.01519416295135898
2013-07-01,PF - Empregado de empresa privada,66979476560.2,724660746.89,0.010819146163954975
2013-07-01,PF - Empregado de entidades sem fins lucrativos,453309541.63,4092422.79,0.009027877011554976
2013-07-01,PF - Empresário,40400563049.549995,622061705.87,0.015397352386080889
2013-07-01,PF - Outros,113678135223.34,1919589094.42,0.016886176841735146
2013-07-01,PF - Servidor ou empregado público,47461104289.14,354254237.92,0.00746409598398367
2013-08-01,PF - Aposentado/pensionista,4303783193.93,52400396.11,0.012175426537262573
2013-08-01,PF - Autônomo,23255210105.87,347766778.18,0.01495435975838455
2013-08-01,PF - Empregado de empresa privada,68419508202.81,740231985.02,0.010819019377131369
2013-08-01,PF - Empregado de entidades sem fins lucrativos,463822393.32,4016195.16,0.008658907413358004
2013-08-01,PF - Empresário,41446870098.06,601595637.18,0.014514862901750422
2013-08-01,PF - Outros,117636637257.45,2057515060.6,0.017490427375079495
2013-08-01,PF - Servidor ou empregado público,48397847968.08,372451345.89,0.007695617915400786
2013-09-01,PF - Aposentado/pensionista,4255806457.21,52902716.01,0.012430714728667828
2013-09-01,PF - Autônomo,23552262600.29,389744005.81,0.01654804943475796
2013-09-01,PF - Empregado de empresa privada,68992114921.58,816646649.35,0.011836811355591037
2013-09-01,PF - Empregado de entidades sem fins lucrativos,467622140.82,4363474.28,0.009331196919693363
2013-09-01,PF - Empresário,42050633274.08,664077845.4399999,0.015792338752941858
2013-09-01,PF - Outros,120901640377.28,2340002112.57,0.019354593579275676
2013-09-01,PF - Servidor ou empregado público,48571126977.45,400184318.87,0.00823914007710368
2013-10-01,PF - Aposentado/pensionista,4254664540.99,59694586.44,0.014030386147931164
2013-10-01,PF - Autônomo,23497691405.11,419946080.47,0.01787180166893651
2013-10-01,PF - Empregado de empresa privada,68976641174.36,857416338.15,0.01243053189532109
2013-10-01,PF - Empregado de entidades sem fins lucrativos,474651133.15,5058966.93,0.010658284741524587
2013-10-01,PF - Empresário,41364988174.25,687709860.7,0.016625409339004825
2013-10-01,PF - Outros,124090734096.1,2460999552.25,0.01983225879173315
2013-10-01,PF - Servidor ou empregado público,49072729595.44,440550556.68,0.008977502582634763
2013-11-01,PF - Aposentado/pensionista,4311294466.43,59223752.38,0.013736884093895046
2013-11-01,PF - Autônomo,24050713594.62,415724303.03000003,0.017285320927982573
2013-11-01,PF - Empregado de empresa privada,70464528235.07,865168407.4200001,0.012278069960729662
2013-11-01,PF - Empregado de entidades sem fins lucrativos,481971501.92,5492932.4799999995,0.011396799308917944
2013-11-01,PF - Empresário,42370960787.66,696444644.0799999,0.01643683860675707
2013-11-01,PF - Outros,127696778355.27,2449728740.26,0.019183951011234737
2013-11-01,PF - Servidor ou empregado público,50056637964.0,434160720.61,0.008673389549698525
2013-12-01,PF - Aposentado/pensionista,4341536081.2,58930575.11,0.013573669320677764
2013-12-01,PF - Autônomo,24587406964.36,381483986.63,0.015515421662112219
2013-12-01,PF - Empregado de empresa privada,71569958713.22,760838981.53,0.01063070309399888
2013-12-01,PF - Empregado de entidades sem fins lucrativos,493366607.21,4601328.21,0.009326387604586013
2013-12-01,PF - Empresário,43383456765.42,665823012.4399999,0.015347394193141217
2013-12-01,PF - Outros,131431430571.73,2165633502.17,0.016477287759476104
2013-12-01,PF - Servidor ou empregado público,50979283014.37,391612367.55,0.007681794336723264
2014-01-01,PF - Aposentado/pensionista,4366468048.0,54438810.07,0.012467470154724925
2014-01-01,PF - Autônomo,25030321774.96,418064515.52,0.01670232285779986
2014-01-01,PF - Empregado de empresa privada,72600097082.14,795076885.18,0.010951457603155093
2014-01-01,PF - Empregado de entidades sem fins lucrativos,498487065.21,5100420.58,0.01023180125616965
2014-01-01,PF - Empresário,44149415472.92,725274317.67,0.016427721859983917
2014-01-01,PF - Outros,134613588902.61,2356584090.48,0.01750628677008929
2014-01-01,PF - Servidor ou empregado público,51715653886.07,404524931.53,0.007822098361574846
2014-02-01,PF - Aposentado/pensionista,4387505989.16,54699634.39,0.0124671361190489
2014-02-01,PF - Autônomo,25501072310.44,455195296.39,0.017850045317649076
2014-02-01,PF - Empregado de empresa privada,73743571072.48,865393253.39,0.011735168785621123
2014-02-01,PF - Empregado de entidades sem fins lucrativos,509015829.52,6461149.01,0.012693414694181199
2014-02-01,PF - Empresário,44945243201.51,767148737.38,0.017068518996337892
2014-02-01,PF - Outros,138207062627.53,2657805027.84,0.019230602093055278
2014-02-01,PF - Servidor ou empregado público,52476047612.0,424737584.2,0.008093932442100932
2014-03-01,PF - Aposentado/pensionista,4412454975.06,55873355.46,0.01266264602716773
2014-03-01,PF - Autônomo,25916237967.75,491995823.49,0.018984075701968642
2014-03-01,PF - Empregado de empresa privada,74659053674.17,898342378.7,0.012032597983636137
2014-03-01,PF - Empregado de entidades sem fins lucrativos,517152234.59999996,6498074.5200000005,0.012565109623911892
2014-03-01,PF - Empresário,45617574920.12,812525981.03,0.01781168732561513
2014-03-01,PF - Outros,141571635997.16,2658476932.4900002,0.018778316106648162
2014-03-01,PF - Servidor ou empregado público,53173267459.44,424119541.09000003,0.007976179786459687
2014-04-01,PF - Aposentado/pensionista,4441282456.76,63578609.12,0.014315371683516341
2014-04-01,PF - Autônomo,26370097372.88,528137637.64,0.020027898652477356
2014-04-01,PF - Empregado de empresa privada,75756141685.83,1008114700.86,0.013307365956423376
2014-04-01,PF - Empregado de entidades sem fins lucrativos,524313771.09,6623049.1,0.01263184273461155
2014-04-01,PF - Empresário,46397734476.22,872935669.15,0.018814187352130335
2014-04-01,PF - Outros,145250975920.29,3124485702.6,0.02151094464463108
2014-04-01,PF - Servidor ou empregado público,53915400360.38,469460474.79,0.008707353959203563
2014-05-01,PF - Aposentado/pensionista,4490176172.74,62447829.12,0.013907656786190868
2014-05-01,PF - Autônomo,26931735052.79,523763549.86,0.019447820529696642
2014-05-01,PF - Empregado de empresa privada,77106480301.3,953896342.83,0.012371156601916863
2014-05-01,PF - Empregado de entidades sem fins lucrativos,532916077.45,6239757.18,0.011708705073896809
2014-05-01,PF - Empresário,47310814735.22,876704944.83,0.0185307513670304
2014-05-01,PF - Outros,149907064874.31,3126644956.55,0.020857222167424493
2014-05-01,PF - Servidor ou empregado público,54848130324.86,452059745.86,0.008242026540968585
2014-06-01,PF - Aposentado/pensionista,4537594094.92,58225540.11,0.012831808859938704
2014-06-01,PF - Autônomo,27405796558.8,467511206.62,0.017058843942628705
2014-06-01,PF - Empregado de empresa privada,78315113718.59,869278696.73,0.011099756553423169
2014-06-01,PF - Empregado de entidades sem fins lucrativos,542172987.94,6255991.85,0.011538737615405368
2014-06-01,PF - Empresário,48148903945.74,828411213.82,0.017205193595965423
2014-06-01,PF - Outros,154366110122.18,2817328324.93,0.018250951084406407
2014-06-01,PF - Servidor ou empregado público,55660498721.44,411242472.01,0.00738840796357422
2014-07-01,PF - Aposentado/pensionista,4564464128.96,57281794.35,0.01254951134056814
2014-07-01,PF - Autônomo,27908236044.02,491138415.98,0.017598332449436125
2014-07-01,PF - Empregado de empresa privada,79596896425.86,926000618.0699999,0.011633627184604076
2014-07-01,PF - Empregado de entidades sem fins lucrativos,551033652.99,7063821.12,0.012819219083390888
2014-07-01,PF - Empresário,49029165005.63,854288373.11,0.01742408570514922
2014-07-01,PF - Outros,159137017066.01,2984092562.63,0.01875171859852192
2014-07-01,PF - Servidor ou empregado público,56435183948.25,428391034.34,0.0075908503236708945
2014-08-01,PF - Aposentado/pensionista,4618891918.65,55462559.62,0.012007763029928287
2014-08-01,PF - Autônomo,28818147763.86,503292198.81,0.0174644187035908
2014-08-01,PF - Empregado de empresa privada,81253033424.16,961816547.07,0.011837300178678754
2014-08-01,PF - Empregado de entidades sem fins lucrativos,557953131.13,8392330.97,0.015041283042902458
2014-08-01,PF - Empresário,50640048834.03,874946586.39,0.01727775953095128
2014-08-01,PF - Outros,164093120607.78,3082943472.29,0.01878776795072926
2014-08-01,PF - Servidor ou empregado público,57837458864.91,436678276.07,0.0075500944308418225
2014-09-01,PF - Aposentado/pensionista,4610871845.09,47249719.56,0.010247458864057353
2014-09-01,PF - Autônomo,29132633643.47,479593857.03000003,0.016462427080893172
2014-09-01,PF - Empregado de empresa privada,81747755794.44,922220553.61,0.011281295060001195
2014-09-01,PF - Empregado de entidades sem fins lucrativos,562521339.28,8201854.79,0.01458052204827994
2014-09-01,PF - Empresário,51255004138.39,814629662.98,0.015893661051718508
2014-09-01,PF - Outros,167994139800.15,3094003904.4,0.018417332343144254
2014-09-01,PF - Servidor ou empregado público,58389973512.86,413953737.56,0.00708946609590137
2014-10-01,PF - Aposentado/pensionista,4668606623.46,58013089.75,0.012426210736728406
2014-10-01,PF - Autônomo,29729785593.81,543090541.57,0.018267556617800707
2014-10-01,PF - Empregado de empresa privada,83153287570.68001,1080197654.3,0.01299043833212049
2014-10-01,PF - Empregado de entidades sem fins lucrativos,569255558.46,8190462.0200000005,0.014388022915678778
2014-10-01,PF - Empresário,52274150528.25,922059947.93,0.017638927435687363
2014-10-01,PF - Outros,173161213305.81,3600191306.05,0.020790979904327135
2014-10-01,PF - Servidor ou empregado público,59374399798.48,499618178.2,0.008414707010020004
2014-11-01,PF - Aposentado/pensionista,4695783596.4,55642608.53,0.011849483134754793
2014-11-01,PF - Autônomo,30264854799.26,526928439.96999997,0.017410572212059112
2014-11-01,PF - Empregado de empresa privada,84441869109.61,1037800117.04,0.012290113044429188
2014-11-01,PF - Empregado de entidades sem fins lucrativos,577595820.89,8096631.51,0.01401781525621869
2014-11-01,PF - Empresário,53300192119.22,904993152.16,0.016979172422788704
2014-11-01,PF - Outros,177613677356.93,3533185363.18,0.01989252976323304
2014-11-01,PF - Servidor ou empregado público,60298214738.72,481106550.83,0.007978785987523796
2014-12-01,PF - Aposentado/pensionista,4743238983.58,49948443.56,0.010530450549278668
2014-12-01,PF - Autônomo,30794870850.66,456241331.03000003,0.014815497465228753
2014-12-01,PF - Empregado de empresa privada,85710446386.62999,837858847.53,0.009775457751678422
2014-12-01,PF - Empregado de entidades sem fins lucrativos,584461786.9399999,6342756.89,0.01085230383188617
2014-12-01,PF - Empresário,54234045035.25,775029217.09,0.014290455683072533
2014-12-01,PF - Outros,182546545287.86002,3001284292.98,0.016441200178547537
2014-12-01,PF - Servidor ou empregado público,61248251145.83,397397361.24,0.0064883054422861875
2015-01-01,PF - Aposentado/pensionista,4771582618.29,51934562.18,0.010884137682313017
2015-01-01,PF - Autônomo,31268979586.829998,555981734.3100001,0.017780616497769273
2015-01-01,PF - Empregado de empresa privada,86870835901.35,958855192.54,0.011037711132754266
2015-01-01,PF - Empregado de entidades sem fins lucrativos,599442605.07,7127372.819999999,0.011890000409910301
2015-01-01,PF - Empresário,55032451834.31,920187294.87,0.016720812251659646
2015-01-01,PF - Outros,186635263128.27,3555453428.64,0.019050276828963566
2015-01-01,PF - Servidor ou empregado público,62164120361.85,460204361.57,0.007403054348572855
2015-02-01,PF - Aposentado/pensionista,4786416544.94,55618635.95,0.011620099384955894
2015-02-01,PF - Autônomo,31512211176.760002,599192640.33,0.019014617443662594
2015-02-01,PF - Empregado de empresa privada,87437926117.63,1026981134.88,0.011745259528438553
2015-02-01,PF - Empregado de entidades sem fins lucrativos,603289094.25,8987662.540000001,0.014897770613893375
2015-02-01,PF - Empresário,55528530423.04,1021597350.14,0.018397701908497058
2015-02-01,PF - Outros,189825340152.35,3947567135.36,0.020795785916631372
2015-02-01,PF - Servidor ou empregado público,62605523051.47,492448756.07,0.007865899557538112
2015-03-01,PF - Aposentado/pensionista,4804221880.32,50140452.78,0.010436747933186684
2015-03-01,PF - Autônomo,31915141941.71,593127699.75,0.01858452332229297
2015-03-01,PF - Empregado de empresa privada,88485168755.06,972090831.27,0.010985918261182174
2015-03-01,PF - Empregado de entidades sem fins lucrativos,610552532.13,6368489.24,0.010430698268964037
2015-03-01,PF - Empresário,56259138398.53,1016551439.73,0.018069090083266574
2015-03-01,PF - Outros,194533592503.82,3784052365.36,0.019451922501691803
2015-03-01,PF - Servidor ou empregado público,63408915932.88,457319101.35,0.007212220783494931
2015-04-01,PF - Aposentado/pensionista,4859455183.41,52416371.62,0.010786470837090452
2015-04-01,PF - Autônomo,32380167168.1,640748726.11,0.019788308157384905
2015-04-01,PF - Empregado de empresa privada,89555029325.72,1048420052.02,0.011706992448261039
2015-04-01,PF - Empregado de entidades sem fins lucrativos,619660569.01,7117515.93,0.011486152719659557
2015-04-01,PF - Empresário,56881053124.32,1097779661.74,0.019299566401147283
2015-04-01,PF - Outros,199232478232.62,4204175206.59,0.021101856704715014
2015-04-01,PF - Servidor ou empregado público,64497379446.51,505874727.37,0.007843337693890961
2015-05-01,PF - Aposentado/pensionista,4865618543.22,58085786.4,0.011938006624243012
2015-05-01,PF - Autônomo,32637065271.48,669153663.38,0.020502874808561358
2015-05-01,PF - Empregado de empresa privada,90074564008.61,1098309827.59,0.012193340480504744
2015-05-01,PF - Empregado de entidades sem fins lucrativos,625231873.5,7891563.92,0.01262181960721809
2015-05-01,PF - Empresário,57309134887.28,1125743468.22,0.019643351281330605
2015-05-01,PF - Outros,203010212882.35,4438739746.57,0.02186461303374117
2015-05-01,PF - Servidor ou empregado público,64931369674.49,525068876.11,0.008086520871841198
2015-06-01,PF - Aposentado/pensionista,4877129356.12,49814725.78,0.010213943929432723
2015-06-01,PF - Autônomo,32872905508.17,601588936.52,0.018300449176008655
2015-06-01,PF - Empregado de empresa privada,90597134079.66,967127929.38,0.010675038887318735
2015-06-01,PF - Empregado de entidades sem fins lucrativos,629861622.93,6713125.2,0.01065809529523609
2015-06-01,PF - Empresário,57711767319.55,1028441070.45,0.017820301096577458
2015-06-01,PF - Outros,206898462238.99,4018566986.23,0.01942289441275848
2015-06-01,PF - Servidor ou empregado público,65366193799.58,455584191.25,0.006969721881724851
2015-07-01,PF - Aposentado/pensionista,4885721024.54,51286368.98,0.010497195546450323
2015-07-01,PF - Autônomo,33129006183.99,643755581.04,0.019431780641554614
2015-07-01,PF - Empregado de empresa privada,91203734311.44,1013220190.98,0.011109415624584883
2015-07-01,PF - Empregado de entidades sem fins lucrativos,631563159.46,8430668.97,0.013348892891739288
2015-07-01,PF - Empresário,58130603452.020004,1124043692.8,0.019336522004760645
2015-07-01,PF - Outros,211097107561.2,4228749566.9500003,0.020032247792519026
2015-07-01,PF - Servidor ou empregado público,65766103706.78,472751751.64,0.007188380107597325
2015-08-01,PF - Aposentado/pensionista,4884689686.33,54995830.81,0.011258817722629964
2015-08-01,PF - Autônomo,33367455245.88,664316062.64,0.01990910178030509
2015-08-01,PF - Empregado de empresa privada,91731796964.04,1032977828.5699999,0.011260848067491147
2015-08-01,PF - Empregado de entidades sem fins lucrativos,633879185.66,7916061.59,0.012488281314613185
2015-08-01,PF - Empresário,58454410762.16,1139012681.5,0.0194854873507224
2015-08-01,PF - Outros,214757381944.36002,4297782568.04,0.020012269329831384
2015-08-01,PF - Servidor ou empregado público,66240619686.53,492983431.71,0.007442313100978552
2015-09-01,PF - Aposentado/pensionista,4876167632.32,55446030.97,0.011370821339794607
2015-09-01,PF - Autônomo,33519587934.97,669016288.95,0.01995896519515489
2015-09-01,PF - Empregado de empresa privada,92023518864.64,1043191155.09,0.011336136326458668
2015-09-01,PF - Empregado de entidades sem fins lucrativos,635244722.68,6593275.12,0.01037911041934199
2015-09-01,PF - Empresário,58746607899.86,1169443483.55,0.01990657035966134
2015-09-01,PF - Outros,218237446613.77,4286242064.92,0.019640268576389924
2015-09-01,PF - Servidor ou empregado público,66428064707.71,488099143.7,0.007347785094262253
2015-10-01,PF - Aposentado/pensionista,4880696578.04,58337228.21,0.011952643905888365
2015-10-01,PF - Autônomo,33743313467.3,780025384.45,0.023116443060812855
2015-10-01,PF - Empregado de empresa privada,92577805709.88,1227895861.83,0.013263393449591748
2015-10-01,PF - Empregado de entidades sem fins lucrativos,641831383.7,8750144.79,0.013633089643509743
2015-10-01,PF - Empresário,59010728787.22,1360253090.31,0.02305094545120397
2015-10-01,PF - Outros,221488998475.07,5059029717.81,0.022840997758989942
2015-10-01,PF - Servidor ou empregado público,66741346613.19,586488433.34,0.0087874827689511
2015-11-01,PF - Aposentado/pensionista,4864683081.43,62290051.33,0.012804544568952577
2015-11-01,PF - Autônomo,33769728173.72,810972707.1,0.02401478338611883
2015-11-01,PF - Empregado de empresa privada,92858141739.37,1286066128.02,0.01384979393222914
2015-11-01,PF - Empregado de entidades sem fins lucrativos,643762600.2,8315228.59,0.012916607127249513
2015-11-01,PF - Empresário,58998764300.11,1408848459.25,0.023879287574288623
2015-11-01,PF - Outros,224733887061.33002,5255039295.2300005,0.023383386297216036
2015-11-01,PF - Servidor ou empregado público,66999738481.77,612744943.43,0.009145482614036204
2015-12-01,PF - Aposentado/pensionista,4863100299.08,54592843.63,0.011225934131016763
2015-12-01,PF - Autônomo,33953371796.41,728992593.11,0.021470403513417148
2015-12-01,PF - Empregado de empresa privada,93344540037.1,1096586327.66,0.01174772865369693
2015-12-01,PF - Empregado de entidades sem fins lucrativos,647740642.74,6937021.33,0.010709566255802305
2015-12-01,PF - Empresário,59306646358.770004,1274036389.84,0.021482185691850387
2015-12-01,PF - MEI,120690.54,0.0,0.0
2015-12-01,PF - Outros,228908880826.53,4807868080.73,0.021003414386414575
2015-12-01,PF - Servidor ou empregado público,67348118501.96,516441469.56,0.007668239010195515
2016-01-01,PF - Aposentado/pensionista,15080721740.17,167951078.78,0.011136806425692113
2016-01-01,PF - Autônomo,26029566384.65,451378108.59,0.017340976869141544
2016-01-01,PF - Empregado de empresa privada,126591580952.4,1074600417.39,0.008488719465428457
2016-01-01,PF - Empregado de entidades sem fins lucrativos,489076021.04,4714283.97,0.009639163989220467
2016-01-01,PF - Empresário,74179690992.25,1341746908.48,0.0180877931753609
2016-01-01,PF - MEI,2663026619.2799997,41403803.82,0.01554764925000799
2016-01-01,PF - Outros,153875740100.88998,5211033597.07,0.03386520574103065
2016-01-01,PF - Servidor ou empregado público,92317764215.18,688224364.22,0.007454950518687214
2016-02-01,PF - Aposentado/pensionista,15054558886.04,177023062.35999998,0.011758767805820759
2016-02-01,PF - Autônomo,26130056383.59,490513729.94,0.01877201192141509
2016-02-01,PF - Empregado de empresa privada,127365621040.83,1124790482.33,0.008831193795768657
2016-02-01,PF - Empregado de entidades sem fins lucrativos,490912653.76,4820842.38,0.009820163206379356
2016-02-01,PF - Empresário,74356808154.34,1438208657.04,0.01934199023248493
2016-02-01,PF - MEI,2673532518.59,44325648.42,0.0165794311876846
2016-02-01,PF - Outros,155196300352.28,5400501283.3,0.03479787386066166
2016-02-01,PF - Servidor ou empregado público,92721660905.31,734395450.42,0.00792043027755926
2016-03-01,PF - Aposentado/pensionista,15101383238.74,169713913.57,0.011238302537387976
2016-03-01,PF - Autônomo,26245227581.27,451423964.76,0.017200230531899077
2016-03-01,PF - Empregado de empresa privada,128675508157.36,1087884712.46,0.008454481571812429
2016-03-01,PF - Empregado de entidades sem fins lucrativos,495910213.09,4070713.5,0.008208569601008053
2016-03-01,PF - Empresário,74713946171.06,1379656505.76,0.0184658497705533
2016-03-01,PF - MEI,2694840810.12,43387256.88,0.016100118684957865
2016-03-01,PF - Outros,156948795846.68,5208858450.0,0.03318826641453449
2016-03-01,PF - Servidor ou empregado público,93528635876.36,710753505.13,0.007599314354050659
2016-04-01,PF - Aposentado/pensionista,14827050089.18,175984147.32,0.011869127457013445
2016-04-01,PF - Autônomo,26139616270.69,483502233.74,0.01849691398424026
2016-04-01,PF - Empregado de empresa privada,129185627398.68001,1153521446.75,0.008929177881298786
2016-04-01,PF - Empregado de entidades sem fins lucrativos,499334560.13,4647549.61,0.00930748636503355
2016-04-01,PF - Empresário,74513395908.58,1430028947.3,0.019191568574521728
2016-04-01,PF - MEI,2702824400.14,45102696.55,0.016687246329307886
2016-04-01,PF - Outros,158227840069.73,5343613155.26,0.033771636855468065
2016-04-01,PF - Servidor ou empregado público,92805061589.91,755546337.35,0.008141219071526859
2016-05-01,PF - Aposentado/pensionista,14818673174.56,176259455.55,0.011894415476588953
2016-05-01,PF - Autônomo,26215382698.04,470099172.03000003,0.017932188038023458
2016-05-01,PF - Empregado de empresa privada,130380819625.53,1145891840.59,0.008788806849666573
2016-05-01,PF - Empregado de entidades sem fins lucrativos,503512693.77,5181000.16,0.010289711111765206
2016-05-01,PF - Empresário,74610257332.3,1416378199.76,0.01898369273076916
2016-05-01,PF - MEI,2726956934.41,45739896.160000004,0.016773237443845523
2016-05-01,PF - Outros,159663442538.38,5346485058.1,0.03348596881728144
2016-05-01,PF - Servidor ou empregado público,93418724952.16,769068708.28,0.008232489885446866
2016-06-01,PF - Aposentado/pensionista,14841614386.22,147430417.96,0.00993358364686289
2016-06-01,PF - Autônomo,26332864940.22,387065015.78000003,0.014698932936416232
2016-06-01,PF - Empregado de empresa privada,131605901407.2,874850685.76,0.006647503466072822
2016-06-01,PF - Empregado de entidades sem fins lucrativos,509451545.21,3746874.92,0.007354722848971845
2016-06-01,PF - Empresário,74825522969.86,1131572079.12,0.01512280882521598
2016-06-01,PF - MEI,2748832013.96,38161679.7,0.013882870799741535
2016-06-01,PF - Outros,161567711411.31,4272510014.78,0.02644408327294607
2016-06-01,PF - Servidor ou empregado público,94188032273.03,627619960.24,0.00666347884220227
2016-07-01,PF - Aposentado/pensionista,14842022889.26,157866196.81,0.010636433994737692
2016-07-01,PF - Autônomo,26459625618.19,412488433.69,0.015589352609979096
2016-07-01,PF - Empregado de empresa privada,132967593212.53,960173888.27,0.007221112039948689
2016-07-01,PF - Empregado de entidades sem fins lucrativos,515907419.27,3634197.1799999997,0.007044281675852472
2016-07-01,PF - Empresário,75139202757.52,1201271792.46,0.015987284245437054
2016-07-01,PF - MEI,2774289038.75,42119394.82,0.015182049970891844
2016-07-01,PF - Outros,163300805907.02,4563928749.54,0.027947986687454587
2016-07-01,PF - Servidor ou empregado público,94855592296.01,665484530.3100001,0.007015764850566359
2016-08-01,PF - Aposentado/pensionista,14842967666.91,155111831.88,0.010450189972844635
2016-08-01,PF - Autônomo,26588232120.86,418249939.66,0.015730641200919066
2016-08-01,PF - Empregado de empresa privada,134469651075.56,962907119.71,0.0071607765172896284
2016-08-01,PF - Empregado de entidades sem fins lucrativos,520410516.56,3415345.18,0.006562790472752164
2016-08-01,PF - Empresário,75463818954.06,1236658735.1200001,0.016387439070276035
2016-08-01,PF - MEI,2800153620.9,41056596.65,0.014662265792690315
2016-08-01,PF - Outros,165169960792.43,4559255913.92,0.027603420694938846
2016-08-01,PF - Servidor ou empregado público,95634933926.91,695420734.12,0.0072716182838739925
2016-09-01,PF - Aposentado/pensionista,14846003491.58,164967191.63,0.011111892282900387
2016-09-01,PF - Autônomo,26682919684.58,434204015.79,0.016272732554111217
2016-09-01,PF - Empregado de empresa privada,135704426625.85,1059796930.27,0.007809597347859262
2016-09-01,PF - Empregado de entidades sem fins lucrativos,526316453.77,4668704.76,0.00887052784794796
2016-09-01,PF - Empresário,75814908647.72,1282547134.45,0.01691681962461311
2016-09-01,PF - MEI,2820578256.16,45864733.45,0.016260755520551062
2016-09-01,PF - Outros,166558015362.66,4919203204.45,0.029534472980715026
2016-09-01,PF - Servidor ou empregado público,96220332640.47,758004143.7,0.007877795917961582
2016-10-01,PF - Aposentado/pensionista,14337484339.49,169425415.96,0.011816955607292168
2016-10-01,PF - Autônomo,26395331486.13,462376959.36,0.017517376495270232
2016-10-01,PF - Empregado de empresa privada,135255013801.51,1121046245.15,0.008288389566061947
2016-10-01,PF - Empregado de entidades sem fins lucrativos,524436162.5,3735070.21,0.007122068379485558
2016-10-01,PF - Empresário,74931475480.79,1344221700.87,0.017939346479499324
2016-10-01,PF - MEI,2812731617.02,47054090.91,0.016728965758863377
2016-10-01,PF - Outros,166957883686.06,5093943154.5,0.03051034813113958
2016-10-01,PF - Servidor ou empregado público,94534585168.86,777527312.26,0.008224792131590376
2016-11-01,PF - Aposentado/pensionista,14320792763.949999,168762320.52,0.011784425855587309
2016-11-01,PF - Autônomo,26502167945.79,432960199.54,0.016336784236882698
2016-11-01,PF - Empregado de empresa privada,136611984460.41,1094367453.28,0.00801077195095681
2016-11-01,PF - Empregado de entidades sem fins lucrativos,528416646.25,4167818.16,0.00788737105384102
2016-11-01,PF - Empresário,75169656209.93001,1317647183.6,0.01752897711704496
2016-11-01,PF - MEI,2831846339.7,47963329.72,0.016937122981426012
2016-11-01,PF - Outros,168691415783.61002,4949338300.39,0.029339597853270706
2016-11-01,PF - Servidor ou empregado público,95294590776.4,755489108.39,0.007927932763389328
2016-12-01,PF - Aposentado/pensionista,14288426834.79,145400212.08,0.010176082626953312
2016-12-01,PF - Autônomo,26557191180.71,372677706.74,0.014033024208173681
2016-12-01,PF - Empregado de empresa privada,138588154832.36,859621309.32,0.0062027040504278414
2016-12-01,PF - Empregado de entidades sem fins lucrativos,535418112.7,3338986.25,0.006236222067950224
2016-12-01,PF - Empresário,75162873063.11,1150661619.74,0.015308909476808514
2016-12-01,PF - MEI,2851577440.95,39562356.36,0.01387384953740546
2016-12-01,PF - Outros,171347267602.36,4216484922.32,0.02460783286083709
2016-12-01,PF - Servidor ou empregado público,96311806760.65,623316561.88,0.0064718603341025445
2017-01-01,PF - Aposentado/pensionista,17393006446.39,202313511.58,0.011631888495159566
2017-01-01,PF - Autônomo,38940356475.99,1069539543.18,0.02746609533067477
2017-01-01,PF - Empregado de empresa privada,169034634241.4,1797387464.43,0.010633249644348823
2017-01-01,PF - Empregado de entidades sem fins lucrativos,689289559.63,8489793.47,0.01231673010477221
2017-01-01,PF - Empresário,89163485377.53,2008800899.0,0.022529412017649054
2017-01-01,PF - MEI,5172559261.93,111656170.96,0.021586252627744378
2017-01-01,PF - Outros,107644932818.26,2088771019.33,0.019404267016047392
2017-01-01,PF - Servidor ou empregado público,100279602146.76,784786291.02,0.007825981298484401
2017-02-01,PF - Aposentado/pensionista,17401144989.64,215917245.88,0.012408220608962753
2017-02-01,PF - Autônomo,39080508551.61,1185701966.68,0.03033998304075684
2017-02-01,PF - Empregado de empresa privada,170465914281.63,2073476348.37,0.012163583301142361
2017-02-01,PF - Empregado de entidades sem fins lucrativos,693821333.03,10920816.02,0.01574009835112377
2017-02-01,PF - Empresário,89344508689.25,2255086993.88,0.02524035362624736
2017-02-01,PF - MEI,5195462561.08,129772829.7,0.024978108912216596
2017-02-01,PF - Outros,108776283009.27,2357260397.39,0.02167072023585428
2017-02-01,PF - Servidor ou empregado público,100908485656.24,854578411.6,0.00846884586605779
2017-03-01,PF - Aposentado/pensionista,17351475329.63,211035027.26,0.012162367939954306
2017-03-01,PF - Autônomo,39090707879.92,1182243944.75,0.030243605421054337
2017-03-01,PF - Empregado de empresa privada,171559867503.79,2085122313.36,0.012153904894534478
2017-03-01,PF - Empregado de entidades sem fins lucrativos,696534994.51,10531169.35,0.015119368636185309
2017-03-01,PF - Empresário,89295997118.51,2221219788.65,0.0248747968590584
2017-03-01,PF - MEI,5214284850.11,130514157.69,0.025030116581998142
2017-03-01,PF - Outros,109895167915.39,2412415700.61,0.02195197246950254
2017-03-01,PF - Servidor ou empregado público,101373073093.1,894043052.71,0.008819334616490515
2017-04-01,PF - Aposentado/pensionista,17312326483.49,225007112.26,0.012996930971385
2017-04-01,PF - Autônomo,39206477478.35,1242956186.55,0.03170282735133158
2017-04-01,PF - Empregado de empresa privada,172871430197.33,2297545974.04,0.013290489766975305
2017-04-01,PF - Empregado de entidades sem fins lucrativos,700668252.79,11767824.290000001,0.016795144125827808
2017-04-01,PF - Empresário,89461125200.68001,2360448598.64,0.026385187905305463
2017-04-01,PF - MEI,5251703643.83,138019256.02,0.02628085386770689
2017-04-01,PF - Outros,110943375982.87,2669954889.55,0.02406592431405954
2017-04-01,PF - Servidor ou empregado público,101896464760.08,966106348.05,0.009481254823950395
2017-05-01,PF - Aposentado/pensionista,17237830739.88,228667623.97,0.013265452447039855
2017-05-01,PF - Autônomo,39284153101.35,1234140336.94,0.031415729741099824
2017-05-01,PF - Empregado de empresa privada,174180298189.5,2357085152.35,0.013532444121697402
2017-05-01,PF - Empregado de entidades sem fins lucrativos,703490997.29,12204222.06,0.01734808562869079
2017-05-01,PF - Empresário,89442100690.66,2356306275.07,0.02634448718081213
2017-05-01,PF - MEI,5288901509.81,149106125.78,0.028192267430851917
2017-05-01,PF - Outros,112108172002.05,2752515052.89,0.02455231410641204
2017-05-01,PF - Servidor ou empregado público,102385644137.81,992607579.47,0.009694792544684885
2017-06-01,PF - Aposentado/pensionista,17190104695.87,192336966.63,0.01118881880202916
2017-06-01,PF - Autônomo,39420956233.61,977711201.49,0.02480181342370409
2017-06-01,PF - Empregado de empresa privada,175850694270.32,1788383675.43,0.010169898292700926
2017-06-01,PF - Empregado de entidades sem fins lucrativos,709627765.32,11145358.33,0.015705921998379113
2017-06-01,PF - Empresário,89508346998.19,1860512165.72,0.020785906880367508
2017-06-01,PF - MEI,5331371592.64,114966437.53,0.02156413889602294
2017-06-01,PF - Outros,113540089900.64,2238332569.03,0.019714028507364985
2017-06-01,PF - Servidor ou empregado público,102997468254.83,785372704.2,0.007625165137621434
2017-07-01,PF - Aposentado/pensionista,17146525204.04,211079963.64,0.012310363827550675
2017-07-01,PF - Autônomo,39546304630.21,1113519254.37,0.02815735287487181
2017-07-01,PF - Empregado de empresa privada,177529033673.13,2132574746.82,0.012012540724727534
2017-07-01,PF - Empregado de entidades sem fins lucrativos,713233037.19,11324613.03,0.015877858202722604
2017-07-01,PF - Empresário,89643678482.43,2170372005.27,0.0242110993436686
2017-07-01,PF - MEI,5376976158.16,131256845.25,0.024410903338451116
2017-07-01,PF - Outros,114928013356.28,2547951851.25,0.022169980815306353
2017-07-01,PF - Servidor ou empregado público,103595701401.99,907501973.28,0.008760035030397193
2017-08-01,PF - Aposentado/pensionista,17089508215.81,212812420.58,0.012452811274178216
2017-08-01,PF - Autônomo,39637941826.840004,1074085062.89,0.027097397427499777
2017-08-01,PF - Empregado de empresa privada,179035819020.35,2083734777.92,0.011638647446761219
2017-08-01,PF - Empregado de entidades sem fins lucrativos,716276576.55,10202495.93,0.014243793897520828
2017-08-01,PF - Empresário,89671778846.27,2041045791.45,0.02276129477646578
2017-08-01,PF - MEI,5419745155.91,129157113.83,0.023830846306335952
2017-08-01,PF - Outros,116353211466.44,2536089842.58,0.021796474808187735
2017-08-01,PF - Servidor ou empregado público,104102909712.4,881810063.97,0.00847056116304658
2017-09-01,PF - Aposentado/pensionista,17014473104.26,210319995.13,0.012361240565089325
2017-09-01,PF - Autônomo,39680666393.32,1065796285.58,0.026859334342213072
2017-09-01,PF - Empregado de empresa privada,180063973813.15,2069102939.1299999,0.011490932335399199
2017-09-01,PF - Empregado de entidades sem fins lucrativos,721307486.1,9880834.6,0.013698505547785412
2017-09-01,PF - Empresário,89636830623.87,2028344213.87,0.022628468674681795
2017-09-01,PF - MEI,5451127124.87,128459300.88,0.023565640268032373
2017-09-01,PF - Outros,117382430722.84,2523089866.22,0.02149461253002544
2017-09-01,PF - Servidor ou empregado público,104368741044.35,884353286.6899999,0.008473353974004599
2017-10-01,PF - Aposentado/pensionista,16921575458.73,205729498.6,0.012157821776214236
2017-10-01,PF - Autônomo,39673953540.4,1068430391.36,0.026930272786452124
2017-10-01,PF - Empregado de empresa privada,180773202922.82,2126953582.38,0.0117658676617468
2017-10-01,PF - Empregado de entidades sem fins lucrativos,723450142.31,8866358.97,0.012255659998475398
2017-10-01,PF - Empresário,89459510120.5,2022380310.08,0.022606655316532564
2017-10-01,PF - MEI,5467057415.36,134515404.0,0.02460471763513431
2017-10-01,PF - Outros,118294198268.23,2640406207.36,0.022320673760964388
2017-10-01,PF - Servidor ou empregado público,104534164044.2,883300000.0,0.008449869074635885
2017-11-01,PF - Aposentado/pensionista,16818491438.2,202241818.96,0.012024967857738194
2017-11-01,PF - Autônomo,39707123655.0,1058119743.57,0.026648108605488465
2017-11-01,PF - Empregado de empresa privada,181750970468.42,2118289365.13,0.011654899886755003
2017-11-01,PF - Empregado de entidades sem fins lucrativos,725026784.67,10251864.1,0.014139979814216372
2017-11-01,PF - Empresário,89381494446.72,1957762074.06,0.02190343858288267
2017-11-01,PF - MEI,5492802411.29,129649676.89,0.023603557379656664
2017-11-01,PF - Outros,119728988431.0,2650422185.95,0.02213684606111445
2017-11-01,PF - Servidor ou empregado público,104639900861.0,877089819.5,0.008381982516068087
2017-12-01,PF - Aposentado/pensionista,16708402322.619999,167863052.05,0.010046624973995591
2017-12-01,PF - Autônomo,39678044953.56,862880566.24,0.021747053496459647
2017-12-01,PF - Empregado de empresa privada,182578055626.65,1599382363.81,0.008759992312989372
2017-12-01,PF - Empregado de entidades sem fins lucrativos,726595098.95,7567706.79,0.010415301177968397
2017-12-01,PF - Empresário,89172380479.28,1554155822.79,0.017428668096968903
2017-12-01,PF - MEI,5503378060.65,100348674.65,0.01823401437155635
2017-12-01,PF - Outros,120956365742.93,2225019252.57,0.018395222433343114
2017-12-01,PF - Servidor ou empregado público,104736710658.35,693554145.71,0.006621882063609636
2018-01-01,PF - Aposentado/pensionista,24221515293.85,283827495.37,0.01171799088234854
2018-01-01,PF - Autônomo,39268794339.48,1143758325.73,0.02912639272400808
2018-01-01,PF - Empregado de empresa privada,185684280839.07,2320403360.75,0.012496498628018283
2018-01-01,PF - Empregado de entidades sem fins lucrativos,659734620.66,8702628.31,0.013191104479698021
2018-01-01,PF - Empresário,95063741163.21,2157203559.13,0.0226921803490398
2018-01-01,PF - MEI,8916282250.14,212939061.59,0.023882045859041367
2018-01-01,PF - Outros,104760385485.36,2607212951.46,0.024887393640073533
2018-01-01,PF - Servidor ou empregado público,103696447673.68,944107316.34,0.009104529012517286
2018-02-01,PF - Aposentado/pensionista,24135558561.4,291107442.28000003,0.012061350954005604
2018-02-01,PF - Autônomo,39266108821.86,1173590998.67,0.029888141042808025
2018-02-01,PF - Empregado de empresa privada,186676352557.32,2522733974.93,0.0135139450732271
2018-02-01,PF - Empregado de entidades sem fins lucrativos,660881953.2,9563125.73,0.014470247952293456
2018-02-01,PF - Empresário,95007388556.83,2208877343.11,0.02324953223810303
2018-02-01,PF - MEI,8941168432.7,235934981.82,0.02638748879364906
2018-02-01,PF - Outros,105462129604.68001,2836124336.96,0.02689234844385452
2018-02-01,PF - Servidor ou empregado público,103981315002.61,984448747.45,0.00946755431420818
2018-03-01,PF - Aposentado/pensionista,24078715843.85,282129737.13,0.011716976061331751
2018-03-01,PF - Autônomo,39315510643.79,1120737457.77,0.028506241923809877
2018-03-01,PF - Empregado de empresa privada,187920561078.38,2412284632.46,0.012836725362127125
2018-03-01,PF - Empregado de entidades sem fins lucrativos,663270037.14,9472364.8,0.01428130967719354
2018-03-01,PF - Empresário,94998934970.38,2074107635.44,0.021832956717743122
2018-03-01,PF - MEI,8984186458.12,225450168.92,0.025094110632158106
2018-03-01,PF - Outros,106372470658.9,2804036017.06,0.026360542344189608
2018-03-01,PF - Servidor ou empregado público,104409096598.4,926981427.4,0.008878358855699604
2018-04-01,PF - Aposentado/pensionista,23971521386.39,269532308.95,0.011243854931253084
2018-04-01,PF - Autônomo,39344325849.76,1100938038.45,0.027982129943057994
2018-04-01,PF - Empregado de empresa privada,189222069384.61,2446314296.7,0.012928271552340217
2018-04-01,PF - Empregado de entidades sem fins lucrativos,666462875.59,9787410.82,0.014685605423010985
2018-04-01,PF - Empresário,95017196610.69,2019275124.09,0.02125168070747753
2018-04-01,PF - MEI,9024811220.85,221261467.88,0.02451701896753476
2018-04-01,PF - Outros,107273075403.45,2876361471.33,0.026813452122185485
2018-04-01,PF - Servidor ou empregado público,104751064531.73,924197192.89,0.00882279523383796
2018-05-01,PF - Aposentado/pensionista,23855398665.5,273863379.93,0.011480142661630088
2018-05-01,PF - Autônomo,39383849062.42,1092634445.95,0.027743211289944485
2018-05-01,PF - Empregado de empresa privada,190742995809.46,2409188474.49,0.012630547529496834
2018-05-01,PF - Empregado de entidades sem fins lucrativos,668964550.37,9833765.41,0.014699979848799173
2018-05-01,PF - Empresário,95070837820.7,1997012648.5,0.021005522768888292
2018-05-01,PF - MEI,9078133095.41,221700521.52,0.024421378183152452
2018-05-01,PF - Outros,108324340251.15001,2912761313.83,0.026889259672173052
2018-05-01,PF - Servidor ou empregado público,105118901982.48,924697492.02,0.008796681420569993
2018-06-01,PF - Aposentado/pensionista,23789280796.14,255329129.63,0.010732948667848302
2018-06-01,PF - Autônomo,39483074369.16,989448437.78,0.025060065701288253
2018-06-01,PF - Empregado de empresa privada,192387014502.66998,2203485014.31,0.01145339782940194
2018-06-01,PF - Empregado de entidades sem fins lucrativos,671963449.94,9189699.09,0.013675891286677204
2018-06-01,PF - Empresário,95175116991.67,1763481530.53,0.018528808645271694
2018-06-01,PF - MEI,9134337774.64,202687521.22,0.02218962405602395
2018-06-01,PF - Outros,109372580080.63,2729518044.68,0.024956145705512165
2018-06-01,PF - Servidor ou empregado público,105626605355.19,842279008.12,0.007974117934469947
2018-07-01,PF - Aposentado/pensionista,23681444991.4,250975624.2,0.010597986072688666
2018-07-01,PF - Autônomo,39525193033.62,1019719475.27,0.025799228213828834
2018-07-01,PF - Empregado de empresa privada,193875493549.27,2273501043.75,0.01172660351305427
2018-07-01,PF - Empregado de entidades sem fins lucrativos,674630567.88,8575774.03,0.012711807674160143
2018-07-01,PF - Empresário,95249302715.2,1764212694.96,0.018522053649411806
2018-07-01,PF - MEI,9183261455.11,206481769.05,0.02248457915080963
2018-07-01,PF - Outros,110348274802.22,2791229341.6,0.02529472569102499
2018-07-01,PF - Servidor ou empregado público,105987655891.41,841052793.0,0.007935384417424076
2018-08-01,PF - Aposentado/pensionista,23575764003.79,229910142.28,0.009751969957072866
2018-08-01,PF - Autônomo,39593334632.21,898536827.43,0.022694143743553784
2018-08-01,PF - Empregado de empresa privada,195660180371.25,2053584252.98,0.010495667790367378
2018-08-01,PF - Empregado de entidades sem fins lucrativos,675793588.1999999,8198285.7299999995,0.012131345832736328
2018-08-01,PF - Empresário,95323109099.45,1567090307.55,0.016439773338856
2018-08-01,PF - MEI,9238548832.25,177556867.49,0.019219129618082774
2018-08-01,PF - Outros,111635272803.91,2610121065.57,0.02338079175167816
2018-08-01,PF - Servidor ou empregado público,106438466016.89,757785154.64,0.0071194670779993405
2018-12-01,PF - Aposentado/pensionista,21126562079.59,184721073.02,0.00874354626768431
2018-12-01,PF - Autônomo,40199821267.76,725787503.86,0.018054495790559073
2018-12-01,PF - Empregado de empresa privada,200805827214.7,1697262517.82,0.0084522572943329
2018-12-01,PF - Empregado de entidades sem fins lucrativos,719901195.22,6947839.7,0.009651101770815587
2018-12-01,PF - Empresário,93500723637.89,1337636416.72,0.01430616111486371
2018-12-01,PF - MEI,8143983762.7,131814356.19,0.016185488580382334
2018-12-01,PF - Outros,122883267073.98,2369796575.45,0.01928494116309017
2018-12-01,PF - Servidor ou empregado público,108638899471.42,608032507.1,0.0055968213048766865
2019-01-01,PF - Aposentado/pensionista,23186035971.96,226433056.74,0.009765923636702561
2019-01-01,PF - Autônomo,39853688852.13,816429343.82,0.020485665626818524
2019-01-01,PF - Empregado de empresa privada,202184882434.5,2054164979.55,0.010159834676143351
2019-01-01,PF - Empregado de entidades sem fins lucrativos,702943237.39,7906693.61,0.011247983036805697
2019-01-01,PF - Empresário,95687328904.16,1565281734.45,0.016358296886077563
2019-01-01,PF - MEI,9426993509.13,178889829.9,0.018976339564331517
2019-01-01,PF - Outros,116433582362.89,2639811013.64,0.022672247645979558
2019-01-01,PF - Servidor ou empregado público,107926640143.45,727875973.24,0.006744173378070033
2019-02-01,PF - Aposentado/pensionista,20650904114.7,200374522.58,0.009702941888988133
2019-02-01,PF - Autônomo,40184982655.67,855177788.0,0.02128102916772907
2019-02-01,PF - Empregado de empresa privada,200632292948.43,2065740343.43,0.010296150799417782
2019-02-01,PF - Empregado de entidades sem fins lucrativos,730080482.0,7356457.38,0.010076227979479118
2019-02-01,PF - Empresário,93693332246.29,1556193421.49,0.016609436169900137
2019-02-01,PF - MEI,8052784750.37,162618979.31,0.02019412965217134
2019-02-01,PF - Outros,126812969903.21,2936904386.28,0.02315933763337924
2019-02-01,PF - Servidor ou empregado público,108413739730.71,719259372.11,0.006634393148844194
2019-03-01,PF - Aposentado/pensionista,23068714116.59,249780775.79,0.010827685259247662
2019-03-01,PF - Autônomo,40045206961.83,911205743.46,0.022754427123539065
2019-03-01,PF - Empregado de empresa privada,205432470381.56,2397390697.48,0.01166996966461634
2019-03-01,PF - Empregado de entidades sem fins lucrativos,709404213.77,8668386.88,0.012219249211861079
2019-03-01,PF - Empresário,96254862792.15,1665295954.41,0.01730090206461561
2019-03-01,PF - MEI,9527992837.4,217625503.52,0.022840645163560564
2019-03-01,PF - Outros,118806681872.72,3080171969.25,0.025925915282693026
2019-03-01,PF - Servidor ou empregado público,108881046312.63,810548819.92,0.007444351862606759
2019-04-01,PF - Aposentado/pensionista,22959739191.25,242020338.99,0.010541075269802472
2019-04-01,PF - Autônomo,40081374486.29,903667922.29,0.022545831670495814
2019-04-01,PF - Empregado de empresa privada,206806231396.01,2398145809.43,0.011596100336250642
2019-04-01,PF - Empregado de entidades sem fins lucrativos,712621033.23,6998558.45,0.009820869892484917
2019-04-01,PF - Empresário,96140251289.27,1590418220.55,0.01654268840804978
2019-04-01,PF - MEI,9585310536.32,206928311.95,0.021588065526507612
2019-04-01,PF - Outros,119498309945.85,3119469059.44,0.026104712785089346
2019-04-01,PF - Servidor ou empregado público,109155582724.52,792449519.37,0.007259816672592315
2019-05-01,PF - Aposentado/pensionista,22846697792.23,245980005.39000002,0.010766545241109465
2019-05-01,PF - Autônomo,40149628041.71,930014406.1899999,0.02316371163448492
2019-05-01,PF - Empregado de empresa privada,208178637748.33,2481851745.86,0.011921740735283055
2019-05-01,PF - Empregado de entidades sem fins lucrativos,718467620.48,7259170.32,0.010103684721588749
2019-05-01,PF - Empresário,96213499845.86,1611637071.08,0.016750633473077505
2019-05-01,PF - MEI,9645579615.2,207819829.58,0.021545603050386608
2019-05-01,PF - Outros,120537084987.29,3199627172.07,0.026544753196971572
2019-05-01,PF - Servidor ou empregado público,109431315576.32,823825102.28,0.007528239041460163
2019-06-01,PF - Aposentado/pensionista,20494406965.31,214814788.28,0.010481629873145767
2019-06-01,PF - Autônomo,40599708389.02,916048309.41,0.02256292830068063
2019-06-01,PF - Empregado de empresa privada,207986054529.46,2242034925.62,0.010779736798663243
2019-06-01,PF - Empregado de entidades sem fins lucrativos,747763057.43,6540384.71,0.008746600470580566
2019-06-01,PF - Empresário,93788698745.83,1531010721.94,0.01632404268758523
2019-06-01,PF - MEI,8407268359.4,175344583.71,0.02085630863845933
2019-06-01,PF - Outros,129115113314.34,3136407910.72,0.0242915630107855
2019-06-01,PF - Servidor ou empregado público,110016234703.93001,758751570.59,0.006896723675663987
2019-07-01,PF - Aposentado/pensionista,22674991649.18,247031943.38,0.010894466785346465
2019-07-01,PF - Autônomo,40450055068.2,964809697.65,0.023851875999261363
2019-07-01,PF - Empregado de empresa privada,211583467620.37,2562822852.32,0.0121125855490671
2019-07-01,PF - Empregado de entidades sem fins lucrativos,726769530.3100001,8306972.7,0.01142999582887948
2019-07-01,PF - Empresário,96534445847.54,1699781684.31,0.017608032753350246
2019-07-01,PF - MEI,9795215731.36,220103839.55,0.022470545375057303
2019-07-01,PF - Outros,122968924233.77,3268691122.5499997,0.02658144033476341
2019-07-01,PF - Servidor ou empregado público,110168150417.55,848303773.07,0.007700081828140264
2019-08-01,PF - Aposentado/pensionista,20349038364.64,224252536.97,0.011020301448724863
2019-08-01,PF - Autônomo,40752823728.08,973375512.64,0.023884860571497357
2019-08-01,PF - Empregado de empresa privada,210652284246.94,2551814346.48,0.0121138698096841
2019-08-01,PF - Empregado de entidades sem fins lucrativos,755006015.65,8966858.17,0.011876538708476714
2019-08-01,PF - Empresário,94106961658.46,1661263966.27,0.01765293382118937
2019-08-01,PF - MEI,8519811663.65,195592025.88,0.02295731802552614
2019-08-01,PF - Outros,130619101313.62,3428865496.55,0.026250873433259974
2019-08-01,PF - Servidor ou empregado público,110601444553.7,852647257.01,0.007709187347874256
2019-09-01,PF - Aposentado/pensionista,22675573062.92,246768683.48,0.01088257759992518
2019-09-01,PF - Autônomo,40741265574.56,931411802.46,0.022861631550336523
2019-09-01,PF - Empregado de empresa privada,214474120589.59,2590459676.0,0.01207819231932887
2019-09-01,PF - Empregado de entidades sem fins lucrativos,740042194.46,8923378.52,0.012057932083874328
2019-09-01,PF - Empresário,97934178587.93,1634246061.35,0.01668718811872911
2019-09-01,PF - MEI,9902990926.07,220951134.21,0.0223115557571943
2019-09-01,PF - Outros,124638501400.97,3269985049.16,0.026235753899513357
2019-09-01,PF - Servidor ou empregado público,111352786739.15,851451527.74,0.007646432143046154
2019-10-01,PF - Aposentado/pensionista,20728947279.17,224419305.96,0.01082637255706243
2019-10-01,PF - Autônomo,41090472344.24,912662739.74,0.02221105496413053
2019-10-01,PF - Empregado de empresa privada,215010806385.56,2462693928.22,0.01145381466922117
2019-10-01,PF - Empregado de entidades sem fins lucrativos,766175462.63,7439641.89,0.009710101997344617
2019-10-01,PF - Empresário,95726813826.59,1562087250.32,0.016318178657337697
2019-10-01,PF - MEI,8732453908.5,184733631.0,0.021154836078800702
2019-10-01,PF - Outros,132494547630.71,3292993100.02,0.02485380084619225
2019-10-01,PF - Servidor ou empregado público,111975686763.02,814874971.34,0.0072772491502067094
2019-11-01,PF - Aposentado/pensionista,22566232733.29,257822831.57,0.01142516053154306
2019-11-01,PF - Autônomo,41138113536.3,930424634.31,0.02261709529993395
2019-11-01,PF - Empregado de empresa privada,218687008725.16998,2630707257.94,0.012029554353848622
2019-11-01,PF - Empregado de entidades sem fins lucrativos,753198128.5,8663373.36,0.011502117480367583
2019-11-01,PF - Empresário,99134374302.42,1654113825.28,0.016685572859258174
2019-11-01,PF - MEI,10049973578.82,218826500.96,0.021773838432886022
2019-11-01,PF - Outros,127648818723.22,3317318604.97,0.025987851968790384
2019-11-01,PF - Servidor ou empregado público,112604918058.05,867328167.6899999,0.007702400415964741
2019-12-01,PF - Aposentado/pensionista,20976925179.690002,213077946.62,0.01015773021044588
2019-12-01,PF - Autônomo,41391823865.08,867100786.89,0.020948600615338556
2019-12-01,PF - Empregado de empresa privada,219570527192.71,2227586127.5099998,0.010145196424996143
2019-12-01,PF - Empregado de entidades sem fins lucrativos,780160221.58,6847759.25,0.008777375544899926
2019-12-01,PF - Empresário,97047436399.6,1534479667.0,0.01581164556147229
2019-12-01,PF - MEI,8975075871.74,172939062.32999998,0.019268813411877292
2019-12-01,PF - Outros,134337849830.86,3038363023.53,0.022617326593774537
2019-12-01,PF - Servidor ou empregado público,113229499534.42,742248559.64,0.006555257796704895
2020-01-01,PF - Aposentado/pensionista,20056517623.76,241202798.32,0.01202615542960751
2020-01-01,PF - Autônomo,41463305994.85,1019992467.08,0.02459988277844245
2020-01-01,PF - Empregado de empresa privada,218682245867.93,2660846896.74,0.01216764024980327
2020-01-01,PF - Empregado de entidades sem fins lucrativos,790398085.01,8339607.93,0.010551148956660856
2020-01-01,PF - Empresário,96857692995.67,1800697585.89,0.018591167414760745
2020-01-01,PF - MEI,8750595067.539999,193316292.92000002,0.02209178820730712
2020-01-01,PF - Outros,138303723980.0,3598838098.29,0.02602126677955848
2020-01-01,PF - Servidor ou empregado público,113243402105.49,867818208.12,0.007663300395298955
2020-02-01,PF - Aposentado/pensionista,20763031108.12,252306919.56,0.012151738262402732
2020-02-01,PF - Autônomo,41439210559.8,1040419158.76,0.02510711822703751
2020-02-01,PF - Empregado de empresa privada,222087487842.81,2803279285.45,0.01262240981101158
2020-02-01,PF - Empregado de entidades sem fins lucrativos,788427921.27,8909166.35,0.01129991228069284
2020-02-01,PF - Empresário,97467186801.97,1805837298.2,0.01852764358397898
2020-02-01,PF - MEI,9045838608.69,212871003.76,0.023532478631168894
2020-02-01,PF - Outros,135991952371.41,3698654277.35,0.027197596716962636
2020-02-01,PF - Servidor ou empregado público,113770046674.95,878426387.53,0.007721069061698933
2020-03-01,PF - Aposentado/pensionista,20673879700.9,325607877.53,0.0157497229470589
2020-03-01,PF - Autônomo,41589083944.28,1483027165.37,0.03565904859450432
2020-03-01,PF - Empregado de empresa privada,223897734232.29,4135332715.94,0.018469739008835456
2020-03-01,PF - Empregado de entidades sem fins lucrativos,794846601.09,11853404.81,0.014912820654633266
2020-03-01,PF - Empresário,97810678549.55,2686666373.72,0.02746802714755689
2020-03-01,PF - MEI,9101214577.76,312765551.0,0.034365254035904534
2020-03-01,PF - Outros,137426326413.55,4987574525.23,0.036292715197968305
2020-03-01,PF - Servidor ou empregado público,114275244502.81,1254467044.5,0.01097759230319698
2020-04-01,PF - Aposentado/pensionista,20694068792.44,334956389.69,0.016186105934487226
2020-04-01,PF - Autônomo,41965266269.22,1461120717.97,0.03481738227505729
2020-04-01,PF - Empregado de empresa privada,226380523567.41998,4070928464.04,0.017982679781317883
2020-04-01,PF - Empregado de entidades sem fins lucrativos,804088303.75,12402566.49,0.015424383655574346
2020-04-01,PF - Empresário,98751592522.71,2650588511.9700003,0.026840969793580208
2020-04-01,PF - MEI,9208678848.5,304423714.49,0.033058348488240255
2020-04-01,PF - Outros,139002145463.68,5194342435.9800005,0.03736879325605255
2020-04-01,PF - Servidor ou empregado público,115164585005.1,1189489378.17,0.010328603868257973
2020-05-01,PF - Aposentado/pensionista,20707075220.21,312776826.79,0.015104828830907585
2020-05-01,PF - Autônomo,42361800037.88,1277827341.43,0.03016461388060386
2020-05-01,PF - Empregado de empresa privada,228874059143.82,3279701415.93,0.014329721018619674
2020-05-01,PF - Empregado de entidades sem fins lucrativos,810928311.41,10031543.39,0.012370444154992782
2020-05-01,PF - Empresário,99618054070.42,2265656773.28,0.022743435358398064
2020-05-01,PF - MEI,9329053707.49,246714861.14000002,0.0264458613784076
2020-05-01,PF - Outros,140544368994.22,4627208298.68,0.03292346987498516
2020-05-01,PF - Servidor ou empregado público,115993715114.3,1022986388.1,0.008819326004792166
2020-06-01,PF - Aposentado/pensionista,22194115804.8,273747521.29,0.012334238664772384
2020-06-01,PF - Autônomo,42533893919.52,943713629.4300001,0.022187332088983828
2020-06-01,PF - Empregado de empresa privada,233285387598.57,2469258007.07,0.010584709280287284
2020-06-01,PF - Empregado de entidades sem fins lucrativos,799752523.17,6975496.17,0.00872206834978281
2020-06-01,PF - Empresário,103024222378.08,1604089095.48,0.015570018957224324
2020-06-01,PF - MEI,10648556356.12,200369477.18,0.018816586068480773
2020-06-01,PF - Outros,135481456115.22,3338724258.67,0.024643404008225206
2020-06-01,PF - Servidor ou empregado público,116907572076.9,797727627.5,0.006823575353829665
2020-07-01,PF - Aposentado/pensionista,20672136694.33,254891338.0,0.012330188299785777
2020-07-01,PF - Autônomo,43197161527.97,862433964.97,0.019965061000861765
2020-07-01,PF - Empregado de empresa privada,234461207207.31,2173029516.46,0.009268183604201154
2020-07-01,PF - Empregado de entidades sem fins lucrativos,828429274.61,7782885.41,0.009394749375152094
2020-07-01,PF - Empresário,101389502776.31,1456065879.0,0.01436111075731811
2020-07-01,PF - MEI,9605991053.94,163907356.92,0.017063034516649027
2020-07-01,PF - Outros,143937928402.75,3170717466.08,0.022028366680449055
2020-07-01,PF - Servidor ou empregado público,117870219539.54,707228065.59,0.0060000572523983275
2020-08-01,PF - Aposentado/pensionista,20659471120.04,236729401.56,0.011458638035044802
2020-08-01,PF - Autônomo,43644041515.15,785504598.2,0.017997980272457824
2020-08-01,PF - Empregado de empresa privada,237751537926.64,2019716128.1200001,0.00849507071850445
2020-08-01,PF - Empregado de entidades sem fins lucrativos,833830022.98,7587585.4,0.009099678820490245
2020-08-01,PF - Empresário,102513922944.75,1327390952.92,0.01294839681079612
2020-08-01,PF - MEI,9753097266.03,150046257.01,0.015384472533931402
2020-08-01,PF - Outros,145926891082.15,2972723680.25,0.02037132195584497
2020-08-01,PF - Servidor ou empregado público,119008642998.79,649711190.6,0.005459361389463166
2020-09-01,PF - Aposentado/pensionista,20579078658.41,209874921.47,0.010198460531381999
2020-09-01,PF - Autônomo,44035442570.55,713421806.41,0.016201081782407742
2020-09-01,PF - Empregado de empresa privada,240909304113.66,1916919209.23,0.00795701609069281
2020-09-01,PF - Empregado de entidades sem fins lucrativos,840856851.26,5778003.86,0.00687156660654168
2020-09-01,PF - Empresário,103586380108.31,1163786493.87,0.011234937379346048
2020-09-01,PF - MEI,9881387260.17,142083458.7,0.014378897917776332
2020-09-01,PF - Outros,147832991133.47,2833260180.29,0.019165276698839235
2020-09-01,PF - Servidor ou empregado público,120117976538.88,613313059.79,0.005105922339538259
2020-10-01,PF - Aposentado/pensionista,22040892118.29,218495225.57,0.009913175219830962
2020-10-01,PF - Autônomo,44231480397.4,722280192.19,0.016329550485324855
2020-10-01,PF - Empregado de empresa privada,246641180616.25,2080371396.93,0.008434809595591656
2020-10-01,PF - Empregado de entidades sem fins lucrativos,827592747.37,5727915.65,0.0069211767118582115
2020-10-01,PF - Empresário,107462865221.84,1136902042.44,0.010579487528952877
2020-10-01,PF - MEI,11253158430.45,163829988.22,0.01455857830781901
2020-10-01,PF - Outros,142443714666.01,2884065872.63,0.02024705603467527
2020-10-01,PF - Servidor ou empregado público,121278860974.6,652746393.84,0.0053821942966359795
2020-11-01,PF - Aposentado/pensionista,22017665607.38,226591370.26,0.01029134397354322
2020-11-01,PF - Autônomo,44670592099.13,777745786.03,0.017410688989840977
2020-11-01,PF - Empregado de empresa privada,249916090363.53,2407035299.75,0.009631373859316969
2020-11-01,PF - Empregado de entidades sem fins lucrativos,840263053.29,7132070.1899999995,0.008487901689922939
2020-11-01,PF - Empresário,108747551805.61,1253883831.42,0.011530225835900753
2020-11-01,PF - MEI,11399158968.31,185615858.06,0.01628329410757562
2020-11-01,PF - Outros,144197833936.67,3194326598.07,0.022152389608521516
2020-11-01,PF - Servidor ou empregado público,122598078361.81,731776439.45,0.005968906276739429
2020-12-01,PF - Aposentado/pensionista,21904679418.77,206830100.06,0.009442279254850378
2020-12-01,PF - Autônomo,45099255389.81,682114064.74,0.015124730083550805
2020-12-01,PF - Empregado de empresa privada,251953431384.18,2094107000.59,0.008311484344886313
2020-12-01,PF - Empregado de entidades sem fins lucrativos,852374726.7,6612347.03,0.007757558762447056
2020-12-01,PF - Empresário,110396430918.49,1115967284.38,0.010108726116372025
2020-12-01,PF - MEI,11425838114.48,156763651.32999998,0.013720100859063715
2020-12-01,PF - Outros,147754582530.88998,2960395235.87,0.02003589455678027
2020-12-01,PF - Servidor ou empregado público,123777809320.81,642898395.06,0.005193971347430475
2021-01-01,PF - Aposentado/pensionista,21892194937.85,225962523.03,0.010321601998862498
2021-01-01,PF - Autônomo,45411888288.47,799651190.21,0.017608851345937756
2021-01-01,PF - Empregado de empresa privada,255109173530.75,2521351800.11,0.00988342271355477
2021-01-01,PF - Empregado de entidades sem fins lucrativos,865781739.35,7539410.67,0.008708211697396549
2021-01-01,PF - Empresário,111452384486.2,1316026849.57,0.01180797392210976
2021-01-01,PF - MEI,11598767241.23,181392526.41,0.015638948746656986
2021-01-01,PF - Outros,147954500994.91998,3402348614.21,0.022995911522332258
2021-01-01,PF - Servidor ou empregado público,124506837621.44,750062911.44,0.006024270841417947
2021-02-01,PF - Aposentado/pensionista,21859074226.920002,261790206.83,0.011976271461103269
2021-02-01,PF - Autônomo,45778646967.31,949016207.2,0.020730542951120454
2021-02-01,PF - Empregado de empresa privada,258193364761.64,3152048106.2599998,0.012208091052881705
2021-02-01,PF - Empregado de entidades sem fins lucrativos,874564966.99,8881802.03,0.010155680098379194
2021-02-01,PF - Empresário,112826802859.03,1572942413.88,0.013941212318541835
2021-02-01,PF - MEI,11712927124.36,224096328.01,0.019132393263502415
2021-02-01,PF - Outros,149395923496.35,4008460913.64,0.026831126444611008
2021-02-01,PF - Servidor ou empregado público,125501975110.82,880538418.36,0.00701613195794307
2021-03-01,PF - Aposentado/pensionista,21824116213.98,269647401.58,0.012355478633644298
2021-03-01,PF - Autônomo,46310085081.88,935017769.8,0.02019037037282079
2021-03-01,PF - Empregado de empresa privada,262039653730.63,3023058665.24,0.011536645779373628
2021-03-01,PF - Empregado de entidades sem fins lucrativos,890717455.71,7606633.84,0.008539895329587623
2021-03-01,PF - Empresário,114449697425.29,1579436115.07,0.013800264663006365
2021-03-01,PF - MEI,11887249557.59,208002531.84,0.017497952813415155
2021-03-01,PF - Outros,151245119562.17,3960938362.99,0.02618886728018908
2021-03-01,PF - Servidor ou empregado público,126690979996.85,843583887.9,0.006658594699646135
2021-04-01,PF - Aposentado/pensionista,21756494943.02,278484643.38,0.012800069317661138
2021-04-01,PF - Autônomo,46799353536.76,1034190843.81,0.022098400205414433
2021-04-01,PF - Empregado de empresa privada,265152968494.8,3293418686.19,0.012420825249989945
2021-04-01,PF - Empregado de entidades sem fins lucrativos,904805554.33,9016903.27,0.009965570201076994
2021-04-01,PF - Empresário,116104478040.06999,1729992704.06,0.014900309904179102
2021-04-01,PF - MEI,12026967392.039999,238188161.78,0.019804507155947216
2021-04-01,PF - Outros,153503739108.39,4282762911.15,0.02790005595971778
2021-04-01,PF - Servidor ou empregado público,127764654178.95,927542941.28,0.007259777340146539
2021-05-01,PF - Aposentado/pensionista,21731925182.6,288007196.62,0.01325272354842255
2021-05-01,PF - Autônomo,47392582194.27,1111881814.94,0.023461093771641593
2021-05-01,PF - Empregado de empresa privada,269400307130.39,3604821091.88,0.013380909362272046
2021-05-01,PF - Empregado de entidades sem fins lucrativos,925928725.69,9951959.92,0.010748084214131948
2021-05-01,PF - Empresário,117953834277.29,1928842076.71,0.016352516970119094
2021-05-01,PF - MEI,12262568376.1,265502344.21,0.021651446586627772
2021-05-01,PF - Outros,154935225519.1,4468678926.58,0.028842239791551552
2021-05-01,PF - Servidor ou empregado público,129057334562.43,1015150303.84,0.007865886175953315
2021-06-01,PF - Aposentado/pensionista,21668811155.05,274154081.35,0.01265201304253867
2021-06-01,PF - Autônomo,47978206234.33,1046789681.36,0.021818024547382665
2021-06-01,PF - Empregado de empresa privada,272922390797.65,3421635510.52,0.012537027469676783
2021-06-01,PF - Empregado de entidades sem fins lucrativos,939756578.56,9728282.959999999,0.01035191791358009
2021-06-01,PF - Empresário,119760569167.69,1787083316.6100001,0.014922134464038055
2021-06-01,PF - MEI,12439658197.789999,238757527.9,0.019193254678204673
2021-06-01,PF - Outros,157135981231.04,4173799859.9900002,0.026561706792368474
2021-06-01,PF - Servidor ou empregado público,130244249824.08,985598463.8,0.007567308845735922
2021-07-01,PF - Aposentado/pensionista,21805041856.66,263505675.5,0.012084621402343992
2021-07-01,PF - Autônomo,48546080177.7,1020553977.41,0.021022376547690846
2021-07-01,PF - Empregado de empresa privada,276631270434.99,3488217045.85,0.012609626671507305
2021-07-01,PF - Empregado de entidades sem fins lucrativos,956456384.49,10232371.4,0.010698210149390227
2021-07-01,PF - Empresário,121549182668.38,1799556042.01,0.014805167772453803
2021-07-01,PF - MEI,12643538996.61,238561283.62,0.018868236471130694
2021-07-01,PF - Outros,159044106106.89,4210944482.27,0.026476583039423778
2021-07-01,PF - Servidor ou empregado público,131913543513.57,1010472281.53,0.007660110210185145
2021-08-01,PF - Aposentado/pensionista,21792205910.35,263983562.55,0.01211366869586266
2021-08-01,PF - Autônomo,49207189504.2,987101068.36,0.02006009849995086
2021-08-01,PF - Empregado de empresa privada,280689318428.81,3499368279.94,0.012467051826297157
2021-08-01,PF - Empregado de entidades sem fins lucrativos,970722391.47,10051997.19,0.010355171857916965
2021-08-01,PF - Empresário,123891158992.15,1741975423.33,0.014060530529384871
2021-08-01,PF - MEI,12832320249.26,232088264.98,0.018086227624609336
2021-08-01,PF - Outros,161485334993.28,4166441584.33,0.025800742739291966
2021-08-01,PF - Servidor ou empregado público,133355204208.95,1036746949.0,0.007774326882478125
2021-09-01,PF - Aposentado/pensionista,21740126953.33,259462378.85,0.011934722341180135
2021-09-01,PF - Autônomo,49824371334.33,980146531.9499999,0.019672030086903658
2021-09-01,PF - Empregado de empresa privada,284321565555.7,3575397914.83,0.012575190727590313
2021-09-01,PF - Empregado de entidades sem fins lucrativos,991097613.84,10190278.8,0.010281811456005674
2021-09-01,PF - Empresário,125767595248.52,1672810759.45,0.013300808973444097
2021-09-01,PF - MEI,13016313231.04,241032351.53,0.018517712907769473
2021-09-01,PF - Outros,163589705432.46,4285404705.5499997,0.026196053683336946
2021-09-01,PF - Servidor ou empregado público,134699117208.91,1073780668.94,0.007971697893718432
2021-10-01,PF - Aposentado/pensionista,21692849769.71,239620548.65,0.011046061314847864
2021-10-01,PF - Autônomo,50354053006.67,923996849.21,0.01834999953405152
2021-10-01,PF - Empregado de empresa privada,287521874829.28,3306987066.85,0.011501688589132803
2021-10-01,PF - Empregado de entidades sem fins lucrativos,999140807.97,9875341.88,0.009883833991391247
2021-10-01,PF - Empresário,127812965018.02,1510370736.01,0.01181703855940637
2021-10-01,PF - MEI,13159433722.29,223508247.88,0.016984640266200234
2021-10-01,PF - Outros,165915749573.75,4230977082.79,0.025500756219103353
2021-10-01,PF - Servidor ou empregado público,135714406624.29,978197508.51,0.007207764693825242
2021-11-01,PF - Aposentado/pensionista,21658266012.73,242871641.47,0.011213808221177459
2021-11-01,PF - Autônomo,50883791379.03,935147809.12,0.01837810791562574
2021-11-01,PF - Empregado de empresa privada,291042642020.33997,3335224953.03,0.011459574892111215
2021-11-01,PF - Empregado de entidades sem fins lucrativos,1007305709.0,9101164.99,0.009035156763913466
2021-11-01,PF - Empresário,129698074884.1,1467239767.7,0.011312733585376235
2021-11-01,PF - MEI,13330284571.64,217772979.95,0.016336709001194848
2021-11-01,PF - Outros,167791871582.29,4373578229.77,0.02606549523839759
2021-11-01,PF - Servidor ou empregado público,136930573158.88,1000774154.04,0.00730862458947576
2021-12-01,PF - Aposentado/pensionista,21618166932.04,222066140.21,0.010272200270638058
2021-12-01,PF - Autônomo,51386776610.7,894276507.5600001,0.017402852767647418
2021-12-01,PF - Empregado de empresa privada,294440420045.81,3111082179.72,0.010566083893087667
2021-12-01,PF - Empregado de entidades sem fins lucrativos,1015752294.67,8762575.379999999,0.008626685291266614
2021-12-01,PF - Empresário,131468686597.82,1421650012.75,0.010813601698927854
2021-12-01,PF - MEI,13504569378.22,215496930.47,0.015957334472104734
2021-12-01,PF - Outros,170148281255.97,4274369837.43,0.025121439992682997
2021-12-01,PF - Servidor ou empregado público,137906780925.61,903651498.8,0.006552625568770617
2022-01-01,PF - Aposentado/pensionista,23543871773.62,282343240.96,0.011992217918734789
2022-01-01,PF - Autônomo,51233701136.88,1043604240.05,0.02036948760078497
2022-01-01,PF - Empregado de empresa privada,306266343188.0,3940836030.5,0.012867349345275392
2022-01-01,PF - Empregado de entidades sem fins lucrativos,1019419026.14,11013767.38,0.010803964903130467
2022-01-01,PF - Empresário,135533813383.38,1685899601.98,0.012438959399830002
2022-01-01,PF - MEI,14954043774.82,288645450.41,0.019302167009570253
2022-01-01,PF - Outros,155735860218.05,4748857019.53,0.030493022049520237
2022-01-01,PF - Servidor ou empregado público,139981791630.97,1084125744.3,0.007744762598538885
2022-02-01,PF - Aposentado/pensionista,23385546782.38,305754522.67,0.013074508178717158
2022-02-01,PF - Autônomo,51521061447.29,1234778257.72,0.0239664755157126
2022-02-01,PF - Empregado de empresa privada,308124029269.57,4708456771.57,0.015281043749595682
2022-02-01,PF - Empregado de entidades sem fins lucrativos,1028296078.53,13077988.22,0.012718115427120593
2022-02-01,PF - Empresário,136985559188.98,1941780002.46,0.014175070817364006
2022-02-01,PF - MEI,15035162024.88,350830707.42,0.023334015745187828
2022-02-01,PF - Outros,157943311256.61,5527447110.28,0.03499639881108719
2022-02-01,PF - Servidor ou empregado público,140786521675.68,1259799243.81,0.008948294402159539
2022-03-01,PF - Aposentado/pensionista,23567889209.38,306086362.98,0.012987432190498327
2022-03-01,PF - Autônomo,51865312012.59,1222028129.76,0.02356156903988855
2022-03-01,PF - Empregado de empresa privada,311208870747.91,4549353922.98,0.014618329844026633
2022-03-01,PF - Empregado de entidades sem fins lucrativos,1038935055.27,14122221.81,0.013592978443036459
2022-03-01,PF - Empresário,138262095937.42,1872912125.53,0.013546099622109842
2022-03-01,PF - MEI,15198545194.18,340703650.43,0.02241685938207205
2022-03-01,PF - Outros,158616075181.02,5442442371.52,0.034312047913862664
2022-03-01,PF - Servidor ou empregado público,142109584055.49,1257310356.72,0.008847470528300568
2022-04-01,PF - Aposentado/pensionista,23476656012.72,305838309.92,0.013027337017430944
2022-04-01,PF - Autônomo,52339171226.3,1188280590.11,0.022703465917949014
2022-04-01,PF - Empregado de empresa privada,313209204414.35004,4283477885.87,0.013676091971432968
2022-04-01,PF - Empregado de entidades sem fins lucrativos,1049857306.37,12796475.08,0.012188775562505019
2022-04-01,PF - Empresário,139945711294.64,1886169768.91,0.01347786760638117
2022-04-01,PF - MEI,15370825356.7,322107085.46,0.02095574427430447
2022-04-01,PF - Outros,161010582074.77,5105872179.15,0.0317114074948126
2022-04-01,PF - Servidor ou empregado público,142850585382.77,1219197246.54,0.008534772491643245
2022-05-01,PF - Aposentado/pensionista,23351354119.49,280841206.78,0.012026763216510786
2022-05-01,PF - Autônomo,53008595007.85,1115219283.78,0.02103846147242439
2022-05-01,PF - Empregado de empresa privada,315386818033.48,4106432898.65,0.013020306061790067
2022-05-01,PF - Empregado de entidades sem fins lucrativos,1055114597.4,10730503.35,0.010169988526783698
2022-05-01,PF - Empresário,141906901688.75,1849407291.5,0.013032539428958698
2022-05-01,PF - MEI,15574463526.19,305012956.81,0.019584170992284298
2022-05-01,PF - Outros,164408637580.58,4871398647.49,0.029629821882700226
2022-05-01,PF - Servidor ou empregado público,143826013058.53,1211065854.14,0.00842035337270426
2022-06-01,PF - Aposentado/pensionista,23354834297.96,256443878.57,0.01098033389140337
2022-06-01,PF - Autônomo,53744405852.19,995573053.46,0.018524217314785554
2022-06-01,PF - Empregado de empresa privada,319014104969.94,3659699279.83,0.011471904291425751
2022-06-01,PF - Empregado de entidades sem fins lucrativos,1066853479.61,9326559.98,0.008742118911595457
2022-06-01,PF - Empresário,144209122804.64,1646847972.93,0.0114198598597745
2022-06-01,PF - MEI,15907452183.58,272432219.19,0.01712607500220621
2022-06-01,PF - Outros,166720224164.37,4331236558.49,0.02597907110669321
2022-06-01,PF - Servidor ou empregado público,145046168395.24,1093391590.24,0.007538231463381987
2022-07-01,PF - Aposentado/pensionista,23364164094.82,259261370.47,0.011096539530274917
2022-07-01,PF - Autônomo,54490599736.33,1045484362.45,0.01918650863651541
2022-07-01,PF - Empregado de empresa privada,322894285103.86,3851243394.9,0.011927257844347524
2022-07-01,PF - Empregado de entidades sem fins lucrativos,1080705226.52,11191732.15,0.010355952645883574
2022-07-01,PF - Empresário,146819508924.66,1762682734.29,0.012005780071056602
2022-07-01,PF - MEI,16234837458.54,286415832.09000003,0.017642051102848392
2022-07-01,PF - Outros,169084627143.07,4473190684.85,0.026455336362808637
2022-07-01,PF - Servidor ou empregado público,146368829786.76,1131913999.85,0.007733299511235067
2022-08-01,PF - Aposentado/pensionista,23540394282.47,257309675.76,0.010930559304676247
2022-08-01,PF - Autônomo,55163848580.69,1046319894.2,0.018967492680818182
2022-08-01,PF - Empregado de empresa privada,326374574670.3,3809445328.12,0.01167200396038282
2022-08-01,PF - Empregado de entidades sem fins lucrativos,1093003803.38,9914100.36,0.009070508564875693
2022-08-01,PF - Empresário,149089347569.35,1731296472.65,0.011612476014389122
2022-08-01,PF - MEI,16500219894.27,285530348.85,0.01730463900963863
2022-08-01,PF - Outros,171802610131.57,4440095415.15,0.025844167395068576
2022-08-01,PF - Servidor ou empregado público,147914456231.14,1095582569.95,0.007406866089126386
2022-09-01,PF - Aposentado/pensionista,23704247688.8,252625784.84,0.010657405717177135
2022-09-01,PF - Autônomo,55836165154.81,1043365865.03,0.018686202072387834
2022-09-01,PF - Empregado de empresa privada,332491862308.04,3745472653.9300003,0.011264855109325877
2022-09-01,PF - Empregado de entidades sem fins lucrativos,1114441629.19,9897872.2,0.008881463093938786
2022-09-01,PF - Empresário,151446794550.96,1704706437.39,0.011256140761806532
2022-09-01,PF - MEI,16889865174.64,280642922.3,0.016616054621998
2022-09-01,PF - Outros,171367764821.69,4206647907.06,0.024547486579153684
2022-09-01,PF - Servidor ou empregado público,149313210068.39,1079951043.64,0.007232789671760118
2022-10-01,PF - Aposentado/pensionista,23689674933.23,261503101.83,0.011038695236091406
2022-10-01,PF - Autônomo,56455271781.8,1116005270.93,0.01976795497935725
2022-10-01,PF - Empregado de empresa privada,336082153971.86,3994813936.0299997,0.011886420890900633
2022-10-01,PF - Empregado de entidades sem fins lucrativos,1127913158.58,11863486.05,0.010518084623585456
2022-10-01,PF - Empresário,153617090102.47,1869947077.08,0.01217278022798541
2022-10-01,PF - MEI,17141419361.67,312677635.43,0.018241058621386964
2022-10-01,PF - Outros,173613623580.77,4420797372.02,0.02546342436060797
2022-10-01,PF - Servidor ou empregado público,150478951156.2,1143753043.39,0.007600751032632881
2022-11-01,PF - Aposentado/pensionista,23662866048.03,270354063.94,0.011425245927152081
2022-11-01,PF - Autônomo,57042350820.75,1151987449.0,0.020195301077615257
2022-11-01,PF - Empregado de empresa privada,339427909731.01,4103310443.74,0.012088901136597144
2022-11-01,PF - Empregado de entidades sem fins lucrativos,1144781736.07,11797457.58,0.010305420857342033
2022-11-01,PF - Empresário,155730906237.18,1971122295.79,0.012657232552079017
2022-11-01,PF - MEI,17377164998.02,327898910.14,0.01886952849773606
2022-11-01,PF - Outros,175951082412.49,4527999918.83,0.02573442491370873
2022-11-01,PF - Servidor ou empregado público,151503196118.16,1202957815.19,0.007940148102564068
2022-12-01,PF - Aposentado/pensionista,23437435372.66,257974594.04,0.011006946363292372
2022-12-01,PF - Autônomo,57625279195.15,1127083982.54,0.01955884636537883
2022-12-01,PF - Empregado de empresa privada,340706807106.78,3749725136.86,0.011005724155328685
2022-12-01,PF - Empregado de entidades sem fins lucrativos,1152370483.89,11305187.65,0.009810375923407581
2022-12-01,PF - Empresário,157418568255.12,1957837816.1000001,0.012437146632708762
2022-12-01,PF - MEI,17513756191.41,313955188.84999996,0.01792620528793167
2022-12-01,PF - Outros,181259977618.71,4372208852.03,0.024121203750930464
2022-12-01,PF - Servidor ou empregado público,152222517914.72,1148197051.33,0.007542885685107753
