data_base,renda,carteira_ativa,carteira_inadimplida_arrastada,numero_de_operacoes,inadimplencia,ticket
2012-06-01,alta,188809349048.75,2333938098.64,2913768,0.012361348155685787,64799.03309005727
2012-06-01,baixa,13543856027.2,334173680.77,122692,0.024673451940044406,110389.07204381704
2012-06-01,media,8609234585.42,143447598.1,94802,0.016662061728801403,90812.79493491698
2012-07-01,alta,84523972426.32,764382868.67,568720,0.009043385523986305,148621.41726389085
2012-07-01,baixa,56089159626.48,931597008.91,1468160,0.016609216738383576,38203.71051280515
2012-07-01,media,76319422556.95,1025746629.38,1133990,0.013440178070196769,67301.67158171588
2012-08-01,alta,87900124789.34,767598075.09,582221,0.008732616443146275,150973.81370534556
2012-08-01,baixa,55331439170.36,967931440.26,1466881,0.017493335701604204,37720.4689203555
2012-08-01,media,80800764546.29,1083850143.83,1173589,0.013413860003874994,68849.28586267424
2012-09-01,alta,89705042302.55,871356753.79,584891,0.009713576086962397,153370.52938504782
2012-09-01,baixa,56738675185.1,1008312748.59,1480089,0.017771171873515835,38334.63743403268
2012-09-01,media,80633928051.87,1142777375.56,1163417,0.014172413562996422,69307.84753177063
2012-10-01,alta,87809114849.91,856360629.41,557102,0.009752525473850368,157617.66220532326
2012-10-01,baixa,63067969746.44,1042126168.52,1571707,0.01652385787444545,40127.05278174622
2012-10-01,media,82362603764.39,1118335952.14,1140453,0.013578200554940686,72219.20040930227
2012-11-01,alta,88041043266.3,898758190.61,548140,0.010208400051456717,160617.80433155765
2012-11-01,baixa,65980005066.74,1080967081.64,1595446,0.016383252479998778,41355.21043441144
2012-11-01,media,84805170472.31,1169330881.55,1157250,0.013788438547291192,73281.6335902441
2012-12-01,alta,89447543540.07,886017187.91,551623,0.009905439018714796,162153.3974110398
2012-12-01,baixa,69297596797.39,1037489748.71,1625445,0.014971511230661835,42633.00006914414
2012-12-01,media,86923751531.75,1105979846.86,1168275,0.012723563207646725,74403.50219918255
2013-01-01,alta,89509452848.28,879940614.32,547138,0.00983070040447587,163595.75253095196
2013-01-01,baixa,72542860412.6,1053167317.47,1656028,0.014517863115404185,43805.33445847534
2013-01-01,media,89093031466.73,1130989302.39,1180134,0.01269447546873905,75493.99599259914
2013-02-01,alta,90244916353.42,962608940.0,549364,0.010666627871094705,164271.62382941
2013-02-01,baixa,75140706602.15,1270766987.76,1680750,0.0169118317517078,44706.65274558976
2013-02-01,media,90731352208.81,1307742839.35,1188733,0.014413351146143486,76326.09863510981
2013-03-01,alta,107251429970.1,1107971040.12,647712,0.010330594570430292,165585.05936295763
2013-03-01,baixa,67125308156.41,1527087388.63,1625696,0.022749800791553965,41290.197033399854
2013-03-01,media,88672112966.72,1376961112.17,1192922,0.015528682762829782,74331.86156908835
2013-04-01,alta,112644450692.12,1219732893.57,678809,0.010828166732365502,165944.25043292
2013-04-01,baixa,60649518144.63,1318835897.64,1511079,0.021745199928794024,40136.563438860576
2013-04-01,media,97013734321.65,1541109911.85,1323988,0.015885481809621252,73273.8773475666
2013-05-01,alta,115160544213.5,1299330876.5,688807,0.011282778189126362,167188.40577041174
2013-05-01,baixa,64829281034.22,1376602872.85,1552662,0.02123427640857783,41753.63410337859
2013-05-01,media,99322400977.87,1657421296.25,1343855,0.01668728584822763,73908.5697325009
2013-06-01,alta,118115894053.46,1207725000.6200001,698420,0.01022491520127999,169118.7166081441
2013-06-01,baixa,68748428987.54,1252586603.34,1593161,0.01821985784674468,43152.21687421422
2013-06-01,media,100933279761.21,1487466071.97,1351135,0.014737122141369798,74702.58690745929
2013-07-01,alta,122117870366.36,1230274039.01,716227,0.010074479970205127,170501.6291851047
2013-07-01,baixa,70113963491.5,1270264247.29,1605988,0.01811713650226029,43657.837724503544
2013-07-01,media,103701606293.47,1520878582.81,1379689,0.01466591152412813,75163.03043183645
2013-08-01,alta,125999131630.51,1215702724.01,732756,0.009648500813283575,171952.3710901173
2013-08-01,baixa,71329094598.78,1325100210.2,1616109,0.018577275060808977,44136.31419587416
2013-08-01,media,106595452990.23,1635174463.93,1407805,0.015340002017533261,75717.48430374234
2013-09-01,alta,127277824027.78,1369998472.34,731549,0.010763842663125514,173984.00384359763
2013-09-01,baixa,74371827975.88,1475592253.77,1639935,0.01984074203808139,45350.47302233321
2013-09-01,media,107141554745.05,1822330396.22,1404124,0.017008623783333635,76304.90949876934
2013-10-01,alta,125667472641.0,1462764327.8,729985,0.01163995978481039,172150.76014027686
2013-10-01,baixa,78010608418.9,1559594290.52,1671200,0.01999207956622153,46679.39709125179
2013-10-01,media,108054019059.5,1909017323.3,1411368,0.017667249584199164,76559.77679775933
2013-11-01,alta,126932555827.95,1527146173.8500001,733839,0.012031162249029018,172970.57778061673
2013-11-01,baixa,83186180758.72,1510842653.28,1712441,0.018162183183552706,48577.54559644391
2013-11-01,media,109314148318.3,1887954673.13,1418800,0.017270908680847696,77046.90465062024
2013-12-01,alta,128573257384.15,1475572405.1,736709,0.01147651101886062,174523.8043571478
2013-12-01,baixa,87925338558.76,1308883867.82,1747562,0.014886310240878747,50313.14400219276
2013-12-01,media,110287842774.6,1644467480.72,1420568,0.014910686793292972,77636.44033555592
2014-01-01,alta,130970242719.9,1582665361.05,744385,0.0120841599449027,175944.22606567838
2014-01-01,baixa,89935162951.16,1399241315.44,1763352,0.015558334132333413,51002.388037759905
2014-01-01,media,112068626560.85,1777157294.54,1430411,0.01585775920591884,78347.15096629571
2014-02-01,alta,127906851533.01,1406930650.3,708376,0.010999650397437088,180563.50233916732
2014-02-01,baixa,89941741372.62,1898377565.66,1800049,0.021106746841771766,49966.2739028882
2014-02-01,media,121920925737.01,1926132466.64,1471554,0.015798210643468796,82851.81905455729
2014-03-01,alta,129469670263.9,1472646409.72,720092,0.011374450917487336,179796.01254270287
2014-03-01,baixa,95167407916.16,1961319681.94,1834652,0.02060915312170603,51872.1849790369
2014-03-01,media,121230299048.24,1913865995.1200001,1466337,0.015787026924337075,82675.60529962758
2014-04-01,alta,130245404808.77,1616833571.63,720340,0.012413747525326372,180811.01258956883
2014-04-01,baixa,99388034625.61,2263065056.37,1870130,0.022769995049151122,53144.98704668125
2014-04-01,media,123022506609.07,2193437215.26,1476620,0.017829560425313966,83313.58549191397
2014-05-01,alta,136292374341.99,1588672697.12,744228,0.011656357920169782,183132.55392432158
2014-05-01,baixa,97865007307.27,2327259415.91,1862307,0.02378030186625365,52550.415859076944
2014-05-01,media,126969935889.41,2085825013.2,1514325,0.01642770785532049,83845.89562307298
2014-06-01,alta,139013328846.72,1530947093.07,756800,0.011012951821030523,183685.68822241016
2014-06-01,baixa,100849081077.58,2031802027.67,1891049,0.02014695628319111,53329.702761578366
2014-06-01,media,129113780225.31,1895504325.33,1531460,0.014680883187079259,84307.64122165124
2014-07-01,alta,145652168890.66,1650742296.46,792818,0.011333454963511048,183714.50810988146
2014-07-01,baixa,98790396329.37,2062693437.99,1862627,0.020879493499681098,53038.20696756248
2014-07-01,media,132779431051.69,2034820885.15,1575049,0.015324820034496608,84301.77794575915
2014-08-01,alta,148219778061.96,1697648350.0,788283,0.011453588530474899,188028.6370021426
2014-08-01,baixa,105265002342.93,2172761728.79,1929293,0.02064087474877571,54561.4390053403
2014-08-01,media,134333874139.63,2053121892.43,1570117,0.015283724269694876,85556.60128489151
2014-09-01,alta,150629735267.61,1535238221.92,793362,0.010192132510838472,189862.553623201
2014-09-01,baixa,107337688770.65,2249805383.49,1943402,0.02096006919151382,55231.85052328339
2014-09-01,media,135725476035.42,1994809684.52,1575276,0.01469738580249605,86159.80693886023
2014-10-01,alta,153229572725.09,1730882816.21,801527,0.011296010198471193,191172.0662249556
2014-10-01,baixa,111766440559.54,2633561236.04,1981607,0.023563076920545344,56401.92054203482
2014-10-01,media,137934685694.32,2346917127.57,1587341,0.017014698773962143,86896.69434250108
2014-11-01,alta,155735568806.45,1752036190.15,809890,0.011250070896311755,192292.24809103707
2014-11-01,baixa,115918747382.11,2537318074.82,2019020,0.021888763742900746,57413.37251840497
2014-11-01,media,139537871352.47,2258398598.25,1595509,0.01618484341462633,87456.64947829815
2014-12-01,alta,157566142569.4,1555160500.23,815683,0.009869890033926734,193170.8060231732
2014-12-01,baixa,120938082690.71,2084417196.55,2061657,0.017235407988737007,58660.62234926082
2014-12-01,media,141357634216.63998,1884524553.54,1604545,0.013331607903481467,88098.26724500714
2015-01-01,alta,156799343312.8,1847677421.64,805839,0.011783706376588944,194578.99569616263
2015-01-01,baixa,126908100202.33,2465628386.54,2110370,0.019428455572252996,60135.47397012373
2015-01-01,media,143635232520.84,2196438138.75,1613641,0.015291778348542161,89013.12777801258
2015-02-01,alta,157258700773.41,2059753633.19,805726,0.013097867546024343,195176.40087748194
2015-02-01,baixa,130316485384.87,2710378082.09,2141870,0.020798428334568027,60842.3879063015
2015-02-01,media,144724050402.16,2382261599.99,1618896,0.016460716745904762,89396.75581517282
2015-03-01,alta,158645163428.43,2073457762.09,809120,0.013069782382779066,196071.24212530896
2015-03-01,baixa,135121927386.08,2564548459.15,2181914,0.018979513604941333,61928.16370676388
2015-03-01,media,146249641129.94,2241644158.2400002,1624855,0.01532751903471915,90007.81062306483
2015-04-01,alta,165117213555.93,2144720413.35,819716,0.012989078286641028,201432.21988582631
2015-04-01,baixa,128980908292.58,2994025158.8,2187484,0.023212932816447224,58963.13220694643
2015-04-01,media,153927101201.18,2417786689.23,1662748,0.01570734893571468,92573.92052264082
2015-05-01,alta,168981385840.61002,2261082820.21,837116,0.013380662070926223,201861.37386050442
2015-05-01,baixa,128002435495.6,3088020197.39,2186005,0.02412469876400241,58555.417529054146
2015-05-01,media,156469375804.72,2573889914.59,1685245,0.016449799849667178,92846.66372231931
2015-06-01,alta,170316087216.97,2129598532.01,841530,0.012503801413057652,202388.61028955592
2015-06-01,baixa,131068708709.72,2712653769.05,2216172,0.020696425529435545,59141.93876184701
2015-06-01,media,157568657998.31,2285584663.75,1690734,0.014505325442160674,93195.4157178539
2015-07-01,alta,165209841961.53,2217513436.81,797267,0.013422405169580393,207220.2185234432
2015-07-01,baixa,143283151383.78,3021237747.32,2379968,0.021085785161352975,60203.81424614953
2015-07-01,media,156350846054.12,2303486637.23,1614716,0.014732805708212546,96828.69684459682
2015-08-01,alta,174061074472.91,2399382804.05,857918,0.013784717871676865,202887.7753735322
2015-08-01,baixa,135649654283.03,2861268077.4,2266174,0.02109307312667401,59858.44612242043
2015-08-01,media,160359504719.02,2429333583.41,1725089,0.015149295875331176,92957.23566669313
2015-09-01,alta,174712005267.87,2491170561.15,858093,0.014258725708805845,203604.97669584764
2015-09-01,baixa,139243994194.92,2796286338.97,2298628,0.020081917034465647,60577.002540176145
2015-09-01,media,160510638913.16,2430574542.18,1721004,0.015142762863806164,93265.69776314292
2015-10-01,alta,175839075682.08002,2851964220.09,861813,0.01621917204140904,204033.9095396333
2015-10-01,baixa,141616482598.21,3326136053.99,2320355,0.02348692746046244,61032.248340538405
2015-10-01,media,161629162734.11,2902679586.66,1728024,0.017958885250399324,93534.0960160912
2015-11-01,alta,176189455106.01,2973153335.69,860357,0.0168747518624262,204786.44923678195
2015-11-01,baixa,144641469324.65,3427078708.54,2348560,0.023693610999262385,61587.3000156053
2015-11-01,media,162037781007.27,3044044768.7200003,1727061,0.01878601860502784,93822.8476048443
2015-12-01,alta,177116337938.35,2562626355.16,862789,0.014468605126941984,205283.4910254419
2015-12-01,baixa,148889063228.84,3142776833.14,2434678,0.021108177894232596,61153.49267083368
2015-12-01,media,162367117985.94,2780051537.56,1726356,0.0171220107374249,94051.93250172038
2016-01-01,alta,172974611364.69,2684093780.61,834521,0.01551727019031138,207274.12655246543
2016-01-01,baixa,152367412377.04,3327679188.69,2488163,0.021839835282202655,61236.90946977348
2016-01-01,media,165885143284.13,2969279593.02,1741598,0.017899611346955786,95248.81360918537
2016-02-01,alta,171717960026.0,2886201404.46,829227,0.016807801606908195,207081.96914234583
2016-02-01,baixa,155912784277.69,3448222235.57,2523082,0.02211635339298739,61794.576742923935
2016-02-01,media,166358706591.05,3080155516.16,1739508,0.018515144649037026,95635.49382414452
2016-03-01,alta,171945737840.55,2793114467.67,828701,0.016244162273217448,207488.27121066584
2016-03-01,baixa,159665448747.81,3304923438.52,2570470,0.020699052076946802,62115.27415134586
2016-03-01,media,166793061306.32,2957711115.87,1741904,0.017732818695845403,95753.30288369508
2016-04-01,alta,159461373933.5,2728181623.7599998,719803,0.01710873019881122,221534.74483087735
2016-04-01,baixa,168666916368.33,3737748358.11,2807620,0.022160530580565142,60074.69542471203
2016-04-01,media,170772459985.21,2926016532.0099998,1613349,0.01713400704225618,105849.67045890876
2016-05-01,alta,159527771799.38,2717571107.7,720481,0.017035097256404865,221418.42990915792
2016-05-01,baixa,172267640036.85,3719604022.98,2841275,0.021592006613571385,60630.40009743865
2016-05-01,media,170542358112.91998,2937928199.95,1609352,0.01722697066264752,105969.5816160293
2016-06-01,alta,159715553417.2,2248418348.48,721405,0.014077641784872433,221395.1295280737
2016-06-01,baixa,176137487149.19,2894325979.97,3014509,0.016432197522600514,58429.90919887451
2016-06-01,media,170766890380.62,2340212399.81,1613125,0.013704134300237782,105860.91616001239
2016-07-01,alta,159395123695.9,2318327331.4900002,721628,0.014544531085612081,220882.67597141463
2016-07-01,baixa,178941703419.72,3129509037.68,3029238,0.01748898651277239,59071.52340612392
2016-07-01,media,172518212022.93,2559130813.91,1627403,0.014833974824465818,106008.29175252227
2016-08-01,alta,162608457074.84,2421147930.87,732754,0.014889434254675172,221914.11725468576
2016-08-01,baixa,178938802729.11002,3086221395.13,3043541,0.017247356906719313,58792.96606456427
2016-08-01,media,173942868870.24,2564706890.24,1635011,0.01474453598987867,106386.36001240359
2016-09-01,alta,163074831979.0,2474223206.57,734639,0.015172317987662368,221979.54638808992
2016-09-01,baixa,181953554666.91,3463926795.52,3072019,0.019037423049311542,59229.3064160443
2016-09-01,media,174145114516.88,2731106056.41,1635081,0.01568293238651419,106505.49698570285
2016-10-01,alta,160694636372.78,2573966619.89,722184,0.016017750672890557,222512.041768829
2016-10-01,baixa,183765078278.48,3613548728.12,3080853,0.019663957711508064,59647.467204206114
2016-10-01,media,171289227091.1,2831814601.21,1610163,0.016532356700424026,106380.05412563821
2016-11-01,alta,160873967284.78,2516799290.25,722706,0.015644540460637412,222599.46269268554
2016-11-01,baixa,187793417182.92,3505480067.25,3121916,0.018666682356791506,60153.25754534075
2016-11-01,media,171283486458.34,2748416356.1,1607897,0.016046008946510305,106526.40465050933
2016-12-01,alta,160436667366.6,2202510238.51,721341,0.013728222323873345,222414.45774827717
2016-12-01,baixa,193943249118.15,2908831710.02,3179026,0.014998365363302454,61007.12895023507
2016-12-01,media,171262799342.88,2299721726.16,1605576,0.013428028357494013,106667.51330543058
2017-01-01,alta,157321379987.03,2346105408.69,703116,0.01491281991604332,223748.82663320136
2017-01-01,baixa,198202883819.47,3238960720.95,3220928,0.01634164275783271,61535.95604107574
2017-01-01,media,172793602521.39,2486678563.33,1608850,0.014391033736461252,107401.93462497437
2017-02-01,alta,151726599797.26,2479348258.27,666816,0.01634089382865597,227538.93097535154
2017-02-01,baixa,209023870638.56,3828335858.32,3348073,0.018315304594755513,62431.097123198924
2017-02-01,media,171115658635.93,2775030892.93,1546614,0.016217282012946727,110638.89156307261
2017-03-01,alta,159188294774.27,2291820250.45,720813,0.014396914381800593,220845.48249583456
2017-03-01,baixa,187677052619.84,3926974598.88,3119586,0.02092410629889051,60160.884367297454
2017-03-01,media,187611761290.85,2928330305.05,1728758,0.015608458046029854,108524.01625377873
2017-04-01,alta,159469273954.87,2361294702.96,722162,0.014807207961756002,220822.0232508357
2017-04-01,baixa,189974883905.28,4371761917.51,3140839,0.023012315247365682,60485.393840715806
2017-04-01,media,188199414139.27,3178749568.93,1733025,0.01689032659037761,108595.9026207181
2017-05-01,alta,160147466357.31,2360251108.18,725735,0.014737985944241978,220669.34398549056
2017-05-01,baixa,192498659480.28,4463730257.43,3158172,0.023188370607262723,60952.55720089976
2017-05-01,media,187984465530.76,3258651002.92,1732758,0.01733468238303332,108488.58613306648
2017-06-01,alta,157914263155.52,1910140245.45,714166,0.012096059008734512,221117.02763155903
2017-06-01,baixa,195148621428.12,3430202986.88,3172726,0.017577387745695467,61508.18615541336
2017-06-01,media,191485775127.78,2628417846.03,1757915,0.013726439179495373,108927.77815069557
2017-07-01,alta,160485976696.36002,2172835923.19,729425,0.013539101471158521,220017.10483786545
2017-07-01,baixa,192918440241.94,4004207853.65,3148956,0.02075596220158271,61264.254007340845
2017-07-01,media,195075049005.13,3048537476.07,1797135,0.01562751100982592,108547.79913870133
2017-08-01,alta,160586334312.19,2064912179.56,729758,0.012858579706699574,220054.22936396723
2017-08-01,baixa,195685450226.72,3936340002.86,3175519,0.02011564987738935,61623.13947002679
2017-08-01,media,195755406281.66,2967685386.73,1803712,0.015160170761567556,108529.19217794194
2017-09-01,alta,160423379420.65,2026172935.8799999,729406,0.012630159913083012,219937.0164498921
2017-09-01,baixa,197898669224.67,3929607152.1,3195515,0.019856662844148807,61930.13308486113
2017-09-01,media,195997501667.44,2963566634.12,1805170,0.015120430663184933,108575.64753870273
2017-10-01,alta,162799551011.52,2019830981.17,744233,0.012406858425715641,218748.09503410893
2017-10-01,baixa,194640180833.81,4097020565.0,3145476,0.021049202417758577,61879.40420903228
2017-10-01,media,198407380067.22,2973730206.58,1846517,0.01498800198648108,107449.52798551002
2017-11-01,alta,162638329642.34,1972508500.86,744970,0.012128189616788172,218315.27396048163
2017-11-01,baixa,195016027346.01,4023293855.17,3138570,0.02063058052162868,62135.31237028647
2017-11-01,media,200590441507.95,3008024192.13,1872246,0.014995850098922998,107138.93447119129
2017-12-01,alta,162437270416.69,1597453897.57,746293,0.009834281833671257,217658.8423269279
2017-12-01,baixa,196436612580.68,3222772419.57,3147521,0.016406169793048892,62409.9450267941
2017-12-01,media,201186049945.62,2390545267.47,1880053,0.0118822615589707,107010.83955910816
2018-01-01,alta,161835291453.94,2135263506.99,742906,0.01319405358254456,217840.87280751535
2018-01-01,baixa,197889526256.91,4368568101.04,3159961,0.022075792406357615,62624.0406944611
2018-01-01,media,202546363954.6,3174323090.65,1892161,0.01567208133818444,107044.99456156215
2018-02-01,alta,161966711435.1,2149734677.29,744778,0.013272694482973421,217469.78486891396
2018-02-01,baixa,199738744121.81,4864739598.82,3181640,0.024355513098917127,62778.549465624645
2018-02-01,media,202425447933.69,3247906674.84,1895700,0.01604495239108445,106781.37254507042
2018-03-01,alta,162875248528.56,2026890633.52,752073,0.012444436167135529,216568.40297226465
2018-03-01,baixa,199724062098.97,4648503754.94,3177626,0.023274630538189782,62853.23134282323
2018-03-01,media,204143435661.43,3179805052.52,1917460,0.015576327704181865,106465.55112567145
2018-04-01,alta,163127890788.77,1995642116.09,754377,0.012233604605812652,216241.86685008954
2018-04-01,baixa,201102897160.66,4703908363.75,3193228,0.02339055493562618,62977.93241217351
2018-04-01,media,205039739313.63998,3168116831.27,1926895,0.01545123321886337,106409.39922187767
2018-05-01,alta,163518213501.17,1954851452.79,757433,0.01195494624686572,215884.72313877268
2018-05-01,baixa,202661717169.06,4689069169.75,3206079,0.02313741951489727,63211.704131139624
2018-05-01,media,206063490567.26,3197771419.11,1937645,0.01551837936117186,106347.39106867358
2018-06-01,alta,164493681677.24,1742218259.79,763993,0.010591399268504914,215307.83878548624
2018-06-01,baixa,204535117782.2,4343600090.79,3228274,0.02123645141180743,63357.421886184384
2018-06-01,media,206611173860.6,2909600034.78,1940417,0.014082491185801497,106477.71786198534
2018-07-01,alta,164901849134.6,1783055417.6299999,766285,0.01081282852185965,215196.4988673927
2018-07-01,baixa,206101675926.57,4426935003.49,3240705,0.021479374117594416,63597.78996439664
2018-07-01,media,207521731944.94,2945758094.7400002,1950185,0.014194937884970879,106411.30556585145
2018-08-01,alta,165466341941.09,1571281945.57,767394,0.009496081965294272,215621.10459697366
2018-08-01,baixa,208043950585.92,4064228958.67,3258779,0.01953543444653785,63841.07378435911
2018-08-01,media,208630176820.94,2667271999.43,1962677,0.012784689348747599,106298.78315226601
2018-12-01,alta,166649528809.21,1296603730.35,794141,0.007780422420722394,209848.79109529668
2018-12-01,baixa,217918483923.79,3483304752.2599998,3511359,0.015984439179001327,62061.00940513061
2018-12-01,media,211450972970.26,2282090307.25,2066310,0.010792526868963473,102332.64755542974
2019-01-01,alta,159016081232.27,1458435592.52,756678,0.00917162327997322,210150.2636950856
2019-01-01,baixa,226824830055.6,4157279388.46,3646908,0.018328149468649243,62196.47714052562
2019-01-01,media,209561184127.74,2601077643.97,2041357,0.01241202016869922,102657.78309611694
2019-02-01,alta,160784910553.94,1413975056.31,765997,0.008794202462398613,209902.79407613867
2019-02-01,baixa,227709864652.69,4407436946.47,3651107,0.019355494120521993,62367.3490403568
2019-02-01,media,210676311624.75,2682213267.8,2051863,0.012731442121397464,102675.62289721584
2019-03-01,alta,152052032122.13,1205016736.49,719215,0.007925028818569924,211413.87780028227
2019-03-01,baixa,257273232478.89,5631857155.2300005,3895107,0.02189056786423403,66050.36330937507
2019-03-01,media,193401114887.63,2503813958.99,1866221,0.01294622298555397,103632.4823735399
2019-04-01,alta,151584769271.52,1132988406.17,716514,0.00747428921530092,211558.69846439845
2019-04-01,baixa,260712882056.25,5684671825.14,3873679,0.021804338091408564,67303.68780073155
2019-04-01,media,192641769274.97,2442437509.16,1851942,0.012678649694468656,104021.49164227066
2019-05-01,alta,152062009131.55,1156557802.86,717714,0.007605830078566521,211869.92190698523
2019-05-01,baixa,260631755033.53,5852131242.86,3867467,0.02245363862936475,67390.81549591244
2019-05-01,media,195027147062.34,2499325457.05,1872973,0.012815269539122655,104127.04671254738
2019-06-01,alta,154192524234.99,1106423358.19,731312,0.007175596635954975,210843.69494140666
2019-06-01,baixa,264168754211.8,5681071938.16,3903150,0.021505465152798286,67680.91265050024
2019-06-01,media,192793969617.93,2193457898.63,1846290,0.011377212176173828,104422.36572690638
2019-07-01,alta,155047083622.84,1179910645.53,735021,0.0076100150867732105,210942.38616698026
2019-07-01,baixa,265324807630.54,6267403166.35,3898681,0.023621625215977715,68055.01851280985
2019-07-01,media,194530128844.9,2372538073.65,1862763,0.012196249947182415,104430.96026971762
2019-08-01,alta,155218303384.09,1144802726.66,734665,0.007375436412464635,211277.66176977262
2019-08-01,baixa,266559083760.04,6371515495.65,3894476,0.023902826366951808,68445.42982420228
2019-08-01,media,194579084400.61002,2380459777.66,1858749,0.012233893406338472,104682.81860574505
2019-09-01,alta,158721767812.22,1128927019.96,745030,0.007112616218435818,213040.77394496865
2019-09-01,baixa,267969735583.49,6271272736.28,3893984,0.023402914223222385,68816.34223034557
2019-09-01,media,195767955679.94,2353997556.68,1867317,0.01202442733032641,104839.16532647643
2019-10-01,alta,160115199074.63,1084377634.33,750290,0.0067724840652046365,213404.41572542617
2019-10-01,baixa,269860404851.72,6114149581.77,3915987,0.022656712403323998,68912.48741421256
2019-10-01,media,196550299674.07,2263377352.39,1873842,0.01151551209101818,104891.60754966001
2019-11-01,alta,162262600354.23,1168502754.34,759281,0.007201306720027172,213705.59826234294
2019-11-01,baixa,270853428200.38,6355377722.2699995,3916321,0.023464269086408716,69160.17052748741
2019-11-01,media,199466609231.16,2361324719.47,1896312,0.011838195518396176,105186.59863522458
2019-12-01,alta,163697688771.33,1116565414.68,763649,0.006820899079642689,214362.47382152008
2019-12-01,baixa,270994681151.98,5577637793.44,3919720,0.02058209323419131,69136.23451470514
2019-12-01,media,201616928172.37,2108439724.65,1916172,0.01045765226046602,105218.59633288138
2020-01-01,alta,160430634772.99,1228386307.09,741841,0.00765680637509271,216260.1349520854
2020-01-01,baixa,273593973924.51,6684206689.24,3941300,0.02443111810307746,69417.19075546393
2020-01-01,media,204123273022.75,2478458958.96,1917956,0.012141971477616715,106427.50564807013
2020-02-01,alta,161771020737.15,1208059810.24,744911,0.007467714580369057,217168.25330428735
2020-02-01,baixa,274356030056.38,6987779088.59,3943092,0.025469748513105454,69578.90661855722
2020-02-01,media,205226131095.49,2504864598.13,1925915,0.012205388196713155,106560.3264398948
2020-03-01,alta,163625936646.72,1645837878.3,751949,0.010058539080228341,217602.43932330518
2020-03-01,baixa,277610316419.5,10062101386.06,3968627,0.03624541593351685,69951.22404284908
2020-03-01,media,204332755456.01,3489355393.74,1913134,0.01707682836240717,106805.25015812276
2020-04-01,alta,165583159505.88,1635982567.88,758473,0.009880126534376855,218311.2114813316
2020-04-01,baixa,277936795697.59,10111225635.96,3955061,0.03637958626738127,70273.7064479132
2020-04-01,media,208450993569.35,3471043974.96,1944761,0.016651606766293542,107185.91825388827
2020-05-01,alta,165743269438.52,1438017379.42,754345,0.008676173604463688,219718.12557718283
2020-05-01,baixa,281039677632.7,8698435399.53,3969986,0.030950915802352548,70791.10043025341
2020-05-01,media,211456107528.53,2906450669.79,1955547,0.013744936023651419,108131.43715212675
2020-06-01,alta,166784115569.52,958218347.52,754224,0.005745261437205568,221133.39746483802
2020-06-01,baixa,285964267069.6,6568101107.38,3995560,0.022968258148775664,71570.51003353723
2020-06-01,media,212126574133.26,2108285657.89,1948962,0.009938809724827566,108840.79532246396
2020-07-01,alta,168766228114.23,904016146.5,755907,0.005356617592283413,223263.21639332618
2020-07-01,baixa,288206728479.81,5999518577.4800005,3978527,0.020816719335892568,72440.56116241262
2020-07-01,media,214989619882.72,1892521748.45,1962935,0.008802851735271677,109524.57411107347
2020-08-01,alta,166449721639.02,791594785.8,742943,0.00475575914459463,224041.03900167305
2020-08-01,baixa,294793891400.84,5719639873.059999,4024351,0.019402165512591423,73252.52976215047
2020-08-01,media,218847821836.67,1638175135.2,1967314,0.007485453231618632,111241.93790959146
2020-09-01,alta,169535179763.91,675395741.6,753172,0.003983808803226194,225094.90496713898
2020-09-01,baixa,295720542960.82,5381086126.2,4015608,0.018196524571216344,73642.78160637691
2020-09-01,media,222527694509.98,1541955265.82,1989821,0.006929273541504496,111833.02141749434
2020-10-01,alta,174112175896.82,643313436.78,769235,0.0036948216485516304,226344.58377065527
2020-10-01,baixa,295790856890.42,5599745479.23,4013165,0.01893143533271722,73705.13220623124
2020-10-01,media,226276712384.97,1621360111.46,2007631,0.007165386549816674,112708.3176066568
2020-11-01,alta,171929019270.13998,654947478.03,741488,0.003809406235261117,231870.26529106335
2020-11-01,baixa,307821346682.86,6338577107.64,4139313,0.020591739903504696,74365.32262306812
2020-11-01,media,224636868242.73,1790582667.56,1947969,0.007971009752616371,115318.50262644324
2020-12-01,alta,174492231481.88998,615737738.99,743870,0.0035287401264846884,234573.55651107046
2020-12-01,baixa,311866900914.08,5646256292.5,4168096,0.01810469875434314,74822.38914700621
2020-12-01,media,226805269408.16,1603694047.57,1953781,0.007070797128103683,116085.3081323649
2021-01-01,alta,173181187336.78,700933473.23,726557,0.004047399628153125,238358.70735094426
2021-01-01,baixa,315136682362.06,6598916146.940001,4193013,0.020939854089593153,75157.5734113059
2021-01-01,media,230473659141.37,1904486205.48,1961256,0.008263357351009944,117513.29716333309
2021-02-01,alta,177768184689.9,754358907.5699999,745246,0.004243497838974441,238536.248017299
2021-02-01,baixa,320424864289.27,8184807521.68,4224794,0.025543609232181807,75843.902516731
2021-02-01,media,227950230534.25,2118607966.96,1940358,0.009294169003446894,117478.43982102787
2021-03-01,alta,178037789929.28,751637266.77,730089,0.00422178497648485,243857.65287421123
2021-03-01,baixa,330502036240.75,8075668875.87,4323915,0.024434551047629195,76435.83100980245
2021-03-01,media,226797792854.07,1999985225.6200001,1893413,0.008818362826426904,119782.52650323516
2021-04-01,alta,182384606123.27,810182595.42,740693,0.00444216544718919,246235.08811784367
2021-04-01,baixa,331003663139.95,8736657191.76,4322553,0.02639444261396617,76575.96405178838
2021-04-01,media,230625191985.14,2246758007.74,1916146,0.009742032032150096,120358.88287486444
2021-05-01,alta,186460659485.11,909062921.66,749129,0.00487536043351061,248903.27231372698
2021-05-01,baixa,332756285762.33,9331249998.66,4331067,0.02804229521099058,76830.09423828586
2021-05-01,media,234442760720.43,2452522794.38,1936753,0.010461072830073873,121049.38560592393
2021-06-01,alta,192351818783.89,877340098.39,762229,0.004561121927189594,252354.36959744385
2021-06-01,baixa,334677445584.36,8703610100.67,4347403,0.026005965491559056,76983.30372968873
2021-06-01,media,236060358817.94,2356596525.43,1942786,0.009983025261973397,121506.10454159131
2021-07-01,alta,195922416826.48,901538626.46,772135,0.004601508296309216,253741.14219207782
2021-07-01,baixa,337667992087.85,8715149877.04,4359740,0.02580981935288853,77451.4058379284
2021-07-01,media,239498811224.96,2425354656.09,1956941,0.010126792044123664,122384.27792404573
2021-08-01,alta,201551032715.2,902683110.37,783216,0.004478682635407424,257337.73660803662
2021-08-01,baixa,338753464800.99,8593844829.59,4365719,0.02536902415046497,77593.96901197488
2021-08-01,media,243918957162.28,2441229189.72,1983464,0.010008361867896323,122976.24618459423
2021-09-01,alta,206731603175.57,890714393.29,797068,0.004308554568376984,259365.07697658168
2021-09-01,baixa,341937077610.81,8731253538.67,4385324,0.025534679069252157,77973.04774078494
2021-09-01,media,245281211791.75,2476257657.94,1989294,0.010095586367383108,123300.6341906978
2021-10-01,alta,210447439652.84,838223597.1,804186,0.003983054383948587,261690.0066064816
2021-10-01,baixa,345391299563.32,8262567116.64,4403119,0.023922337149448775,78442.41765060631
2021-10-01,media,247331734135.82,2322742668.04,1991757,0.009391203583946435,124177.66531550787
2021-11-01,alta,215727467179.56,863442430.15,818664,0.004002468676978054,263511.6081561666
2021-11-01,baixa,344452956557.05,8350508183.26,4383198,0.024242811752080137,78584.84981902482
2021-11-01,media,252162385581.4,2367760086.66,2027427,0.00938982267795713,124375.56843299413
2021-12-01,alta,215928283171.04,770473663.27,811215,0.003568192419979074,266178.8590830298
2021-12-01,baixa,349525066253.54,7980057479.29,4420146,0.022831145030100336,79075.45729338804
2021-12-01,media,256036084616.26,2300824539.7599998,2037822,0.008986329185624024,125642.02595528953
2022-01-01,alta,203887242157.09,842484753.62,733235,0.004132111184136213,278065.3435216404
2022-01-01,baixa,372812399799.05,9819694476.11,4642696,0.026339506093152814,80300.84239826385
2022-01-01,media,251569202175.72,2423145865.38,1913100,0.00963212445888922,131498.19778146464
2022-02-01,alta,209361700920.89,926842052.71,748618,0.004426989504924872,279664.26257569285
2022-02-01,baixa,373552781514.91,11571728732.08,4653652,0.030977493154118373,80270.88865151713
2022-02-01,media,251895005288.12,2843353819.36,1909578,0.011287853112084315,131911.34653212386
2022-03-01,alta,211545054646.11,888929969.46,751845,0.004202083432992917,281367.90780827164
2022-03-01,baixa,377562989586.56,11425790944.84,4675053,0.03026194637708399,80761.22122819998
2022-03-01,media,252759263160.59,2690238227.43,1907692,0.010643480257816558,132494.7964139861
2022-04-01,alta,214088549996.21,930250803.96,757391,0.004345168408009061,282665.8225357972
2022-04-01,baixa,381358794533.61,10751788134.09,4697065,0.02819336616384868,81190.87015691926
2022-04-01,media,253805248538.8,2641700602.9900002,1908700,0.01040837657297759,132972.83414826845
2022-05-01,alta,216683031377.18,973317588.68,761500,0.004491895754336881,284547.64461875247
2022-05-01,baixa,386621773570.59,10156944088.75,4726167,0.02627100898882905,81804.50956781469
2022-05-01,media,255213092664.5,2619846965.07,1909122,0.01026533136571492,133680.8714500697
2022-06-01,alta,219799806825.13,900817953.82,766883,0.004098356440033997,286614.52506461873
2022-06-01,baixa,391629910320.57,8944566818.7,4752293,0.02283933525756088,82408.62049553132
2022-06-01,media,257633449001.83,2419566340.17,1918360,0.009391507001689108,134298.80158147062
2022-07-01,alta,223070737125.57,1021303857.41,771222,0.004578385630362139,289243.2232555218
2022-07-01,baixa,398281922497.01,9243205752.64,4787614,0.023207695932293763,83190.06555186154
2022-07-01,media,258984897851.98,2556874501.0,1919227,0.009872677990904912,134942.2959618534
2022-08-01,alta,226845795381.29,1015446280.9,779021,0.00447637250315001,291193.4278810071
2022-08-01,baixa,404335280354.34,9121979528.21,4817969,0.02256043430149339,83922.34992677205
2022-08-01,media,260297379427.54,2538067995.93,1918527,0.00975064751520686,135675.64044057758
2022-09-01,alta,230268432841.36,999899712.99,786544,0.004342322135309211,292759.7602185764
2022-09-01,baixa,411021967714.77,8839519540.73,4851908,0.02150619732049021,84713.4710127995
2022-09-01,media,260873950840.38998,2483891232.67,1914653,0.009521422988643717,136251.29505993513
2022-10-01,alta,232385282262.67,1086646245.54,790065,0.004676054502934229,294134.3842122737
2022-10-01,baixa,418013697169.71,9321363778.8,4886536,0.022299182639021527,85543.97167435379
2022-10-01,media,261807118614.2,2723350898.42,1913908,0.010402127004167296,136791.90358899176
2022-11-01,alta,234062074797.33,1167676572.96,790636,0.004988747425105368,296042.7741683025
2022-11-01,baixa,424667774618.89,9556549888.539999,4917311,0.022503590947338403,86361.78891652165
2022-11-01,media,263110408685.49,2843201892.71,1913831,0.010806117123662074,137478.3921284011
2022-12-01,alta,230496455048.6,1100190457.33,758505,0.004773133960338026,303882.57829361706
2022-12-01,baixa,446230655647.02,9233306428.98,5106979,0.020691779715564372,87376.6380568669
2022-12-01,media,254609601442.82,2604790923.09,1792833,0.010230529046544938,142015.2359103274
