data_base,regiao,carteira_ativa,carteira_inadimplida_arrastada,inadimplencia
2012-06-01,centro-oeste,21771752142.6,371539435.41,0.01706520600530916
2012-06-01,nordeste,26943216299.63,444905097.62,0.01651269442639295
2012-06-01,norte,5474826444.41,77653039.95,0.014183653260695895
2012-06-01,sudeste,116158806592.0,1447552442.58,0.012461839829884191
2012-06-01,sul,40613838182.729996,469909361.95,0.011570178613402192
2012-07-01,centro-oeste,22451406081.52,345734065.32,0.015399216604281079
2012-07-01,nordeste,27817584335.7,441849767.36,0.015883829524080826
2012-07-01,norte,5732900727.88,76323865.34,0.013313306642277097
2012-07-01,sudeste,119200987780.23,1428269117.28,0.011982024175112453
2012-07-01,sul,41729675684.42,429549691.66,0.010293626408900532
2012-08-01,centro-oeste,23312937898.579998,359558986.35999995,0.015423152067929664
2012-08-01,nordeste,28857010419.84,458309767.41999996,0.01588209453273438
2012-08-01,norte,5979478057.88,80785496.32000001,0.013510459531419734
2012-08-01,sudeste,122877464231.0,1474869869.43,0.012002769414718393
2012-08-01,sul,43005437898.69,445855539.65000004,0.010367422387380953
2012-09-01,centro-oeste,23659653063.97,369048665.96,0.015598228129642532
2012-09-01,nordeste,29338838608.75,518770212.29,0.017682029585700174
2012-09-01,norte,6099840399.92,83367821.66,0.013667213598095676
2012-09-01,sudeste,124405023461.33002,1552344817.76,0.012478152204541241
2012-09-01,sul,43574290005.55,498915360.27,0.011449764533316635
2012-10-01,centro-oeste,24346835038.6,366804199.36,0.01506578570801752
2012-10-01,nordeste,30199790251.48,539078156.37,0.017850394055090545
2012-10-01,norte,6290041933.7699995,85974796.11000001,0.013668397924093037
2012-10-01,sudeste,127681623158.86002,1534959221.08,0.012021770894705977
2012-10-01,sul,44721397978.03,490006377.15,0.010956866272175176
2012-11-01,centro-oeste,24978736542.03,390286607.9,0.01562475376780133
2012-11-01,nordeste,30925742025.420002,546275277.69,0.017664096054380157
2012-11-01,norte,6504435830.5,93653127.73,0.014398347553964696
2012-11-01,sudeste,130618825018.54,1621895870.31,0.012417014699678921
2012-11-01,sul,45798479388.86,496945270.16999996,0.010850693664970821
2012-12-01,centro-oeste,25731180138.15,380543561.08000004,0.014789199680577108
2012-12-01,nordeste,32249242763.760002,485141799.40999997,0.015043509795373451
2012-12-01,norte,6776399660.94,97495947.57,0.014387573408926662
2012-12-01,sudeste,133989266850.59999,1600495874.98,0.01194495583563851
2012-12-01,sul,46922802455.76,465809600.44,0.009927147912343406
2013-01-01,centro-oeste,26376124084.84,397169326.80999994,0.015057910917179748
2013-01-01,nordeste,33078726407.05,498746016.48,0.0150775459231013
2013-01-01,norte,7002835516.56,98933465.94,0.014127629544638946
2013-01-01,sudeste,136757327226.48,1608438754.5700002,0.011761261990052714
2013-01-01,sul,47930331492.68,460809670.38,0.00961415571370241
2013-02-01,centro-oeste,26975581511.510002,452930864.07,0.01679040223384035
2013-02-01,nordeste,33815322380.8,608691914.09,0.018000476447789515
2013-02-01,norte,7206877069.68,125091682.08999999,0.017357265967012574
2013-02-01,sudeste,139262587981.12,1822020547.25,0.013083345453101974
2013-02-01,sul,48856606221.27,532383759.61,0.010896863306445214
2013-03-01,centro-oeste,27689791908.670002,497598859.75,0.01797048029076
2013-03-01,nordeste,34778303553.03,728855801.51,0.020957198225573015
2013-03-01,norte,7462190014.96,148423864.13,0.019890121242214922
2013-03-01,sudeste,142887309996.23,2013151009.05,0.014089081872302836
2013-03-01,sul,50231255620.340004,623990006.48,0.012422345385834421
2013-04-01,centro-oeste,28525171463.94,493525887.02,0.017301417018435423
2013-04-01,nordeste,35818379271.34,738681620.7099999,0.0206229772462389
2013-04-01,norte,7765945924.48,163814404.69,0.021093940942032617
2013-04-01,sudeste,146629617397.51,2062133582.1299999,0.014063554271846706
2013-04-01,sul,51568589101.13,621523208.51,0.01205236015457287
2013-05-01,centro-oeste,29607604988.469997,511622594.78999996,0.017280107424739004
2013-05-01,nordeste,37057893003.11,772609748.35,0.02084872305840919
2013-05-01,norte,8082259707.74,177915482.0,0.022013086492335642
2013-05-01,sudeste,151360039951.66,2241239435.42,0.014807339084581286
2013-05-01,sul,53204428574.61,629967785.04,0.011840514068421563
2013-06-01,centro-oeste,30594244884.28,483037017.03,0.015788492863839078
2013-06-01,nordeste,38259998695.2,700931077.34,0.018320206514485248
2013-06-01,norte,8386997944.18,167531986.73,0.01997520302795062
2013-06-01,sudeste,155772646054.22,2031254519.23,0.013039866566322424
2013-06-01,sul,54783715224.33,565023075.6,0.010313704962986291
2013-07-01,centro-oeste,31677604719.440002,482403816.63,0.015228544610696435
2013-07-01,nordeste,39533126909.97,706845070.0600001,0.017879816885462158
2013-07-01,norte,8703459662.52,172491218.65,0.01981869570704219
2013-07-01,sudeste,159796353343.84,2072929116.8400002,0.01297231803769388
2013-07-01,sul,56222895515.56,586747646.9300001,0.010436097990855245
2013-08-01,centro-oeste,32658691713.93,492384241.88,0.015076667681393435
2013-08-01,nordeste,40672738734.62,735630098.36,0.018086564151969513
2013-08-01,norte,8990509301.31,191309852.64000002,0.02127908956304894
2013-08-01,sudeste,163999978142.24,2133860141.97,0.013011344063224609
2013-08-01,sul,57601761327.42,622793063.29,0.010812048953675546
2013-09-01,centro-oeste,33381775346.15,560512652.84,0.016790977922168698
2013-09-01,nordeste,41608445771.72,865252716.33,0.020795122246985875
2013-09-01,norte,9216771031.74,213748385.5,0.023191243957771102
2013-09-01,sudeste,166121581244.46,2335120512.6400003,0.014056695675221756
2013-09-01,sul,58462633354.64,693286855.02,0.011858632005411983
2013-10-01,centro-oeste,34005478249.02,621860705.31,0.018287074240101925
2013-10-01,nordeste,42380323707.62,937120684.41,0.02211216438258364
2013-10-01,norte,9442886022.52,239369243.20000002,0.025349161541200104
2013-10-01,sudeste,166338831541.84,2406112086.15,0.014465125574389882
2013-10-01,sul,59564580598.4,726913222.55,0.012203783108136683
2013-11-01,centro-oeste,34835856657.32,640386855.12,0.018382979968584658
2013-11-01,nordeste,43504693103.67,895568231.93,0.02058555452387391
2013-11-01,norte,9711967469.08,242675573.69,0.024987272091119173
2013-11-01,sudeste,170399882639.41,2427573279.5299997,0.014246331874929071
2013-11-01,sul,60980485035.490005,719739559.99,0.011802785097086701
2013-12-01,centro-oeste,35683401342.9,573732544.3199999,0.016078415249900405
2013-12-01,nordeste,44619870426.68,777976504.01,0.017435651349288026
2013-12-01,norte,9986293603.58,217636837.67,0.021793554877254866
2013-12-01,sudeste,174110681533.53998,2222963033.82,0.012767528185177872
2013-12-01,sul,62386191810.81,636614833.82,0.010204418884078933
2014-01-01,centro-oeste,36358118982.61,625836798.32,0.017213123666252817
2014-01-01,nordeste,45563648295.51,824259687.71,0.018090291680862295
2014-01-01,norte,10206969819.68,234782848.60999998,0.023002208565103866
2014-01-01,sudeste,177346448562.31,2382306545.74,0.013433065984983542
2014-01-01,sul,63498846571.8,691878090.65,0.010895915878844715
2014-02-01,centro-oeste,37132582153.9,667643521.51,0.017979991769569895
2014-02-01,nordeste,46674039639.979996,920658511.45,0.019725280231826847
2014-02-01,norte,10440318982.31,275981755.21000004,0.026434226356265696
2014-02-01,sudeste,180830181043.97,2589418672.4300003,0.014319615550240293
2014-02-01,sul,64692396822.479996,777738222.0,0.012022096261700777
2014-03-01,centro-oeste,37840924468.39,662822289.65,0.017516017353214543
2014-03-01,nordeste,47582048886.77,935984903.3,0.01967096678680953
2014-03-01,norte,10650334226.68,271901321.45,0.02552983931423146
2014-03-01,sudeste,183955498009.91,2667039508.58,0.01449828647380967
2014-03-01,sul,65838571636.55,810084063.8,0.0123040953602688
2014-04-01,centro-oeste,38603803595.32,763631571.88,0.01978125212440404
2014-04-01,nordeste,48637026170.020004,1074770329.59,0.022097780522866164
2014-04-01,norte,10905818038.36,320040285.45,0.02934583030124782
2014-04-01,sudeste,187312921410.35,3052756333.8599997,0.016297628112757197
2014-04-01,sul,67196376829.399994,862137322.48,0.012830116193151574
2014-05-01,centro-oeste,39503186095.09,765314213.21,0.019373480695146356
2014-05-01,nordeste,50016539651.770004,1089766785.6,0.021788128350887122
2014-05-01,norte,11195256538.630001,321710049.63,0.028736282060166946
2014-05-01,sudeste,191565929575.73,2970507397.2200003,0.015506449418218163
2014-05-01,sul,68846405677.45,854458680.5699999,0.0124110862747606
2014-06-01,centro-oeste,40378900105.73,712899753.99,0.017655254405724522
2014-06-01,nordeste,51273523291.48,988622544.76,0.019281346029994335
2014-06-01,norte,11494529189.4,283357913.13,0.024651545832021237
2014-06-01,sudeste,195452481048.74,2758453450.77,0.014113166719444837
2014-06-01,sul,70376756514.26,714919783.4200001,0.010158464510582275
2014-07-01,centro-oeste,41397651753.66,740550474.99,0.01788870729665306
2014-07-01,nordeste,52460946837.27,1053495352.4300001,0.02008151617426703
2014-07-01,norte,11778634062.26,319010989.99,0.027083869683340044
2014-07-01,sudeste,199543966263.46,2823433471.12,0.01414943044377594
2014-07-01,sul,72040797355.07,811766331.0699999,0.011268147506322268
2014-08-01,centro-oeste,42793041058.89,789529790.52,0.01844995753943923
2014-08-01,nordeste,54247496160.18,1111952090.37,0.02049775877372605
2014-08-01,norte,12136924146.109999,286661439.17999995,0.023618952852389515
2014-08-01,sudeste,204777009258.36,2913061625.75,0.014225530670167626
2014-08-01,sul,73864183920.98,822327025.4000001,0.011132960275845281
2014-09-01,centro-oeste,43409086511.81,778603141.31,0.017936409260724043
2014-09-01,nordeste,55550711605.5,1080989082.46,0.019459500179525562
2014-09-01,norte,12377204641.630001,298662609.90000004,0.024130053477136985
2014-09-01,sudeste,206936918997.45,2782737218.2200003,0.013447272877655488
2014-09-01,sul,75418978317.29,838861238.04,0.011122681011547049
2014-10-01,centro-oeste,44493143752.15,926738690.04,0.02082879769526778
2014-10-01,nordeste,57033829237.75,1290585244.31,0.022628416530303338
2014-10-01,norte,12729039109.34,352839509.24,0.027719257220374327
2014-10-01,sudeste,211549787100.11,3177536403.06,0.015020277007210224
2014-10-01,sul,77124899779.6,963661333.17,0.012494814721625015
2014-11-01,centro-oeste,45436651431.020004,930136083.62,0.02047105264858906
2014-11-01,nordeste,58378562173.43,1290526539.47,0.0221061720505573
2014-11-01,norte,13003960230.689999,387616646.54999995,0.029807584741393257
2014-11-01,sudeste,215610961962.8,3076258196.6,0.014267633559052327
2014-11-01,sul,78762051743.09,863215396.98,0.010959788094343698
2014-12-01,centro-oeste,46460927719.04,857075645.91,0.01844723486997365
2014-12-01,nordeste,59906709560.82,1043979585.12,0.017426755580025717
2014-12-01,norte,13317998861.560001,346932262.51,0.026049879273631515
2014-12-01,sudeste,219734912706.47998,2612560355.33,0.011889600624457142
2014-12-01,sul,80441310628.85,663554401.45,0.00824892578530438
2015-01-01,centro-oeste,47372689010.86,993464753.46,0.0209712552570586
2015-01-01,nordeste,61153994987.08,1217294713.9299998,0.019905399707528144
2015-01-01,norte,13585340217.45,395584251.83000004,0.029118464867142806
2015-01-01,sudeste,223300059096.34998,3119070525.78,0.013968068519113903
2015-01-01,sul,81930592724.23001,784329701.9300001,0.009573099325302986
2015-02-01,centro-oeste,47925644806.340004,1125553779.5,0.02348541754728989
2015-02-01,nordeste,62132413198.159996,1337124832.19,0.02152056814412607
2015-02-01,norte,13810392533.31,415702636.67,0.030100711161347903
2015-02-01,sudeste,225695819267.88998,3383937120.79,0.014993353141262359
2015-02-01,sul,82734966754.74,890074946.12,0.01075814714180696
2015-03-01,centro-oeste,48792466211.7,1062448179.11,0.021774840699797102
2015-03-01,nordeste,63398563964.96,1263232893.53,0.01992526036123123
2015-03-01,norte,14167018005.56,401960944.19,0.028373010045744707
2015-03-01,sudeste,229580138891.85,3272897830.23,0.014256014679788081
2015-03-01,sul,84078544870.38,879110532.4200001,0.010455824774028667
2015-04-01,centro-oeste,49749161677.95,1182208712.3400002,0.02376338962238198
2015-04-01,nordeste,64777668465.11,1437788869.29,0.022195748988162636
2015-04-01,norte,14528642072.14,435004901.91,0.029941194762046052
2015-04-01,sudeste,233247473050.05002,3537072479.8500004,0.015164462163716641
2015-04-01,sul,85722277784.44,964457297.99,0.01125095276183929
2015-05-01,centro-oeste,50419760768.87,1203708358.98,0.02387374197386493
2015-05-01,nordeste,65798879763.71,1518196791.1799998,0.023073292381754644
2015-05-01,norte,14766606487.2,464400513.48,0.03144937287267403
2015-05-01,sudeste,235716715119.2,3708056415.93,0.01573098629876488
2015-05-01,sul,86751235001.95,1028630852.62,0.011857247364799803
2015-06-01,centro-oeste,51044243971.06,1089425906.38,0.021342776807462563
2015-06-01,nordeste,66808653462.01,1447427575.0,0.021665270889242867
2015-06-01,norte,14952817213.01,440454505.75,0.029456289037411203
2015-06-01,sudeste,238311975956.68,3290606912.54,0.013807979642358224
2015-06-01,sul,87835763322.24,859922065.14,0.009790113190970218
2015-07-01,centro-oeste,51710388282.58,1124013613.42,0.02173670805327628
2015-07-01,nordeste,67924741224.52,1532383880.61,0.022560025301308444
2015-07-01,norte,15171423571.66,456240794.87,0.03007237868714253
2015-07-01,sudeste,240997461559.96,3490983788.2400002,0.014485562485360228
2015-07-01,sul,89039824760.71,938615744.22,0.010541527308061106
2015-08-01,centro-oeste,52370405502.270004,1155942022.51,0.022072428338556507
2015-08-01,nordeste,68941013450.99,1572789327.07,0.022813551010358906
2015-08-01,norte,15372851574.23,456233156.04999995,0.029677848240907894
2015-08-01,sudeste,243373104243.68,3527534004.79,0.014494346101851985
2015-08-01,sul,90012858703.79001,977485954.4399999,0.01085940351763145
2015-09-01,centro-oeste,52766170499.98,1127631976.26,0.021370358424256452
2015-09-01,nordeste,69980331921.14,1572791026.3400002,0.022474758023616686
2015-09-01,norte,15503861142.029999,462568625.51,0.02983570487844511
2015-09-01,sudeste,245175246078.05,3561373756.15,0.014525829230803583
2015-09-01,sul,91041028734.75,993666058.04,0.01091448626898832
2015-10-01,centro-oeste,53291712838.3,1368202329.45,0.025673829129896016
2015-10-01,nordeste,70704629311.42,1861995988.87,0.026334852569112555
2015-10-01,norte,15669651249.22,543307211.1600001,0.03467257838217967
2015-10-01,sudeste,247503804614.67,4080154189.29,0.016485218058131464
2015-10-01,sul,91914923000.79001,1227120141.97,0.013350608387709283
2015-11-01,centro-oeste,53724899807.479996,1373482747.04,0.02556510578822472
2015-11-01,nordeste,71506871697.23001,1926555408.8899999,0.026942241537950395
2015-11-01,norte,15806761712.449999,560301947.3299999,0.03544697880076759
2015-11-01,sudeste,249053327208.68,4319619968.33,0.01734415683879068
2015-11-01,sul,92776845012.09,1264316741.3600001,0.013627503082210262
2015-12-01,centro-oeste,54352303942.68,1268814165.69,0.023344257255922266
2015-12-01,nordeste,72648900022.36,1750758045.31,0.024098892684832788
2015-12-01,norte,16026480403.310001,518243713.26,0.03233671400196923
2015-12-01,sudeste,251475246037.86,3807066485.32,0.015138931347329672
2015-12-01,sul,93869588746.92,1140572316.28,0.012150605233342134
2016-01-01,centro-oeste,54810829094.47,1352309042.09,0.024672296778419606
2016-01-01,nordeste,73109242907.81,1816603435.42,0.024847794385050852
2016-01-01,norte,16019308106.26,538382041.55,0.033608320532870696
2016-01-01,sudeste,252487403261.36,4053138944.7599998,0.016052836269872958
2016-01-01,sul,94800383655.96,1220619098.5,0.012875676779217981
2016-02-01,centro-oeste,55134964699.579994,1419990398.0500002,0.025754807421883002
2016-02-01,nordeste,73709530488.69,1917409148.74,0.026013042492981385
2016-02-01,norte,16102565863.35,577690615.63,0.0358756871751007
2016-02-01,sudeste,253675402472.13998,4210278110.5,0.016597108231502247
2016-02-01,sul,95366987370.98,1289210883.27,0.013518418886977492
2016-03-01,centro-oeste,55599757869.83,1341953063.24,0.02413595156982116
2016-03-01,nordeste,74628428915.16,1887866757.29,0.025296884642127298
2016-03-01,norte,16277377246.0,553008372.15,0.03397404654278048
2016-03-01,sudeste,255685136646.87,4011617892.4,0.015689679677941142
2016-03-01,sul,96213547216.82,1261302936.98,0.013109411028548998
2016-04-01,centro-oeste,55610816495.66,1409793459.88,0.0253510656508707
2016-04-01,nordeste,74690347498.49,1987972812.03,0.026616194442932405
2016-04-01,norte,16203738943.9,564314723.34,0.03482620432813378
2016-04-01,sudeste,256174957225.22,4102965909.0699997,0.0160162646400398
2016-04-01,sul,96220890123.77,1326899609.56,0.013790140663354851
2016-05-01,centro-oeste,56002818050.85,1405363471.8100002,0.025094513467767716
2016-05-01,nordeste,75388320855.3,1992679328.34,0.026432202040482366
2016-05-01,norte,16339275631.42,562531196.85,0.034428160068997626
2016-05-01,sudeste,257689893673.79,4115269657.2400002,0.015969852750412968
2016-05-01,sul,96917461737.79,1299259676.39,0.01340583681303112
2016-06-01,centro-oeste,56582836657.090004,1154329009.44,0.02040069175809621
2016-06-01,nordeste,76289458644.58,1665470382.85,0.02183093722828932
2016-06-01,norte,16510681779.63,433396647.96,0.02624947011544379
2016-06-01,sudeste,259418481156.75,3251146835.1,0.012532441099042361
2016-06-01,sul,97818472708.95999,978613852.9100001,0.010004386960954471
2016-07-01,centro-oeste,57107672974.240005,1235322345.13,0.021631460026172427
2016-07-01,nordeste,77016556737.51,1781407872.81,0.023130193665778186
2016-07-01,norte,16648308570.96,465981295.77,0.027989708010507514
2016-07-01,sudeste,261421755674.45,3452760134.49,0.013207623541438309
2016-07-01,sul,98660745181.39001,1071495534.88,0.010860403830419396
2016-08-01,centro-oeste,57675413876.11,1258071504.1899998,0.021812960144376378
2016-08-01,nordeste,77979973346.61,1820680542.25,0.023348052892469346
2016-08-01,norte,16798232579.39,499912355.84,0.029759818687910645
2016-08-01,sudeste,263456456591.14,3396128438.5699997,0.012890663157443418
2016-08-01,sul,99580052280.94,1097283375.39,0.011019108247646745
2016-09-01,centro-oeste,58090908814.740005,1387534286.6200001,0.023885566862881076
2016-09-01,nordeste,78557317790.96,2064442776.05,0.026279445812336096
2016-09-01,norte,16895705454.68,537734388.2,0.031826690494953624
2016-09-01,sudeste,265320326289.85,3525875045.7000003,0.013289125243454387
2016-09-01,sul,100309242812.56,1153669561.9299998,0.01150112920387378
2016-10-01,centro-oeste,57563066818.119995,1438935436.55,0.024997546449298018
2016-10-01,nordeste,77980990027.02,2112331557.46,0.02708777558130627
2016-10-01,norte,16713332008.83,553861772.96,0.033138920035058445
2016-10-01,sudeste,263834741467.44,3716074306.37,0.014084855867355903
2016-10-01,sul,99656811420.95,1198126875.88,0.012022528704225913
2016-11-01,centro-oeste,58069182900.18,1390211731.0900002,0.023940611209903744
2016-11-01,nordeste,78747151089.14,1996829240.7,0.02535747913520877
2016-11-01,norte,16841772845.16,519273807.02,0.03083249084250826
2016-11-01,sudeste,265742281710.46997,3702985030.9500003,0.013934497013856665
2016-11-01,sul,100550482381.09,1161395903.8400002,0.011550376252182136
2016-12-01,centro-oeste,58745315532.75,1154843686.5,0.01965848129381797
2016-12-01,nordeste,79867174278.34,1676820514.25,0.020995115069505525
2016-12-01,norte,16999244041.01,442230014.65000004,0.026014687099210867
2016-12-01,sudeste,267991601014.93,3197611755.62,0.011931761083220884
2016-12-01,sul,102039380960.59999,939557703.67,0.0092077950182076
2017-01-01,centro-oeste,59048762239.31,1252670822.8700001,0.02121417579920195
2017-01-01,nordeste,80533862654.51,1795314541.89,0.022292666497221097
2017-01-01,norte,17070285874.57,453614111.62,0.026573316636469425
2017-01-01,sudeste,269109925619.71997,3529176652.46,0.013114256727368318
2017-01-01,sul,102555029939.78,1040968564.13,0.010150341380049848
2017-02-01,centro-oeste,59414877320.53,1392952907.61,0.023444513738458635
2017-02-01,nordeste,81210341769.83,2003032695.64,0.02466474899609566
2017-02-01,norte,17174719764.44,495353589.0,0.028842018722519257
2017-02-01,sudeste,270891092808.06,3938865584.1499996,0.014540402725389293
2017-02-01,sul,103175097408.89,1252510233.12,0.012139656414921672
2017-03-01,centro-oeste,59727265500.69,1374637911.45,0.023015249399524568
2017-03-01,nordeste,81828449664.29001,2099720627.04,0.025660031879552028
2017-03-01,norte,17252725181.010002,500824414.22,0.029028713375163204
2017-03-01,sudeste,271937975840.45,3941368244.86,0.014493629411923175
2017-03-01,sul,103730692498.51999,1230573956.81,0.011863161492222348
2017-04-01,centro-oeste,60128276666.34,1474498081.35,0.02452254019406195
2017-04-01,nordeste,82397302891.13,2315369167.12,0.028100060146134313
2017-04-01,norte,17336698990.13,536579113.1,0.030950477562394156
2017-04-01,sudeste,273419631731.97,4254287135.7599998,0.015559552577886677
2017-04-01,sul,104361661719.84999,1331072692.07,0.012754422171267753
2017-05-01,centro-oeste,60477722994.92,1473001527.46,0.02435610096603222
2017-05-01,nordeste,83005882257.91,2406439876.84,0.028991196905333534
2017-05-01,norte,17398054736.2,535463413.20000005,0.030777200170882632
2017-05-01,sudeste,274780732179.62,4334935361.61,0.015775980095927244
2017-05-01,sul,104968199199.7,1332792189.42,0.01269710445241028
2017-06-01,centro-oeste,60941919780.79,1188614115.17,0.019504047779352576
2017-06-01,nordeste,83729557738.64,2035749299.3799999,0.024313388895884858
2017-06-01,norte,17500902654.05,430776935.58000004,0.024614555265828595
2017-06-01,sudeste,276635726212.88,3333876986.07,0.012051505536578726
2017-06-01,sul,105740553325.06,979743742.1600001,0.009265543931363234
2017-07-01,centro-oeste,61370694976.67,1311806000.0,0.021375120495192072
2017-07-01,nordeste,84403248671.77,2318707493.36,0.027471780172550732
2017-07-01,norte,17607634785.82,487087225.84000003,0.027663410319724895
2017-07-01,sudeste,278600300128.85,3880273929.98,0.013927744974378745
2017-07-01,sul,106497587380.32,1227706603.73,0.011528022689806693
2017-08-01,centro-oeste,61784755213.05,1293200831.04,0.02093074297341966
2017-08-01,nordeste,85017160307.67,2245931550.48,0.026417390822654645
2017-08-01,norte,17696976482.9,497776603.71,0.028127776752768188
2017-08-01,sudeste,280278406232.3,3726697001.71,0.013296411421082665
2017-08-01,sul,107249892584.65,1205331582.21,0.011238534166909847
2017-09-01,centro-oeste,61973639645.36,1320482968.3400002,0.0213071714989853
2017-09-01,nordeste,85434592699.99,2318834119.43,0.027141630177517907
2017-09-01,norte,17730092350.66,504094152.02000004,0.028431558169590428
2017-09-01,sudeste,281461882077.07,3605033676.67,0.012808248314359201
2017-09-01,sul,107719343539.68001,1170901805.64,0.01086993075861701
2017-10-01,centro-oeste,62191036768.68,1369701891.3999999,0.02202410447818414
2017-10-01,nordeste,85779675813.98001,2334435674.44,0.027214321484525166
2017-10-01,norte,17747576129.64,487977348.29,0.0274954362627038
2017-10-01,sudeste,282035924233.33,3689050607.12,0.013080073459252042
2017-10-01,sul,108092898966.92,1209416231.5,0.01118867421503906
2017-11-01,centro-oeste,62466570850.6,1355781234.3799999,0.021704108548276063
2017-11-01,nordeste,86237571064.8,2311057850.26,0.02679873542035921
2017-11-01,norte,17785048333.98,475426011.91,0.026731780706024517
2017-11-01,sudeste,283093436263.27,3700539428.03,0.013071795223781128
2017-11-01,sul,108662171983.65,1161022023.58,0.010684693692251014
2017-12-01,centro-oeste,62686588860.299995,1093539931.37,0.01744455953420922
2017-12-01,nordeste,86570457195.96,1877331340.21,0.02168558883731539
2017-12-01,norte,17790721256.04,405031103.53000003,0.022766424008385317
2017-12-01,sudeste,283911410871.98,2938947924.05,0.010351637206210134
2017-12-01,sul,109100754758.70999,895921285.45,0.008211870645912967
2018-01-01,centro-oeste,63032662590.82,1439259386.73,0.022833548950216994
2018-01-01,nordeste,86797059857.35,2459287781.73,0.028333768283992707
2018-01-01,norte,17594799496.43,506891474.47,0.028809164581434916
2018-01-01,sudeste,284727548560.89,3950387417.63,0.01387427187006176
2018-01-01,sul,110119111159.95999,1322328638.12,0.012008166649648794
2018-02-01,centro-oeste,63236534059.95,1543677481.2199998,0.02441116522541464
2018-02-01,nordeste,87145949289.0,2652189610.92,0.030433882843189968
2018-02-01,norte,17645049960.93,526428350.09000003,0.02983433604640551
2018-02-01,sudeste,285585476063.83997,4084885862.5,0.01430354904178272
2018-02-01,sul,110517894116.88,1455199646.22,0.013167095318347541
2018-03-01,centro-oeste,63558597150.47,1524605442.39,0.023987399199208507
2018-03-01,nordeste,87626162052.24,2651821974.63,0.030262902226039137
2018-03-01,norte,17697848882.89,479863178.54999995,0.027114209287543645
2018-03-01,sudeste,286823085990.44,3766683018.13,0.013132426231044547
2018-03-01,sul,111037052212.92,1432225827.28,0.012898629770300672
2018-04-01,centro-oeste,63815086850.009995,1499031358.85,0.023490234564332732
2018-04-01,nordeste,88080970183.36,2657863492.55,0.03017522953047713
2018-04-01,norte,17763085210.85,481329799.94,0.027097195910876757
2018-04-01,sudeste,288074749948.37,3837764074.68,0.01332211197047926
2018-04-01,sul,111536635070.48001,1391678585.09,0.012477322668113468
2018-05-01,centro-oeste,64118205342.729996,1510485637.4900002,0.02355782775603319
2018-05-01,nordeste,88553100042.54001,2687369625.07,0.030347549930821338
2018-05-01,norte,17824924069.46,473713191.58000004,0.02657588833108286
2018-05-01,sudeste,289618867775.81,3828292586.82,0.0132183811649434
2018-05-01,sul,112128324006.95,1341831000.69,0.011966922832154612
2018-06-01,centro-oeste,64489270606.41,1415778095.04,0.021953699921352137
2018-06-01,nordeste,89080384394.73,2505989906.19,0.028131781460276846
2018-06-01,norte,17902871814.39,449960346.49,0.02513341720563123
2018-06-01,sudeste,291352712718.58,3447066522.29,0.011831249107399078
2018-06-01,sul,112814733785.93,1176623515.3500001,0.010429697220069548
2018-07-01,centro-oeste,64819093994.35,1427128592.7,0.022017101825341723
2018-07-01,nordeste,89551528787.59001,2551283142.13,0.02848955430098202
2018-07-01,norte,17967401549.83,447749189.46000004,0.024920085868745803
2018-07-01,sudeste,292788245809.73,3511193644.8199997,0.011992262992353073
2018-07-01,sul,113398986864.61,1218393946.75,0.010744310689518524
2018-08-01,centro-oeste,65204017741.45,1307971444.89,0.02005967561809503
2018-08-01,nordeste,90193857908.55,2341484320.52,0.0259605739771559
2018-08-01,norte,18046888929.62,386248074.01,0.021402474161408436
2018-08-01,sudeste,294609056565.68,3179325440.9700003,0.010791675850131929
2018-08-01,sul,114086648202.65001,1087753623.28,0.009534451580590249
2018-12-01,centro-oeste,66465538209.39,1110681417.23,0.01671063602510763
2018-12-01,nordeste,92265287245.54001,1906299525.92,0.020661069648511263
2018-12-01,norte,18513923533.54,321621923.65999997,0.017371894351694096
2018-12-01,sudeste,301848398748.49,2818416254.71,0.00933719133974402
2018-12-01,sul,116925837966.3,904979668.3399999,0.007739774921269585
2019-01-01,centro-oeste,66428750612.520004,1256998201.51,0.018922502529696687
2019-01-01,nordeste,92081135077.75,2176832121.73,0.023640370200605818
2019-01-01,norte,18406011341.32,366340467.82,0.019903305557440108
2019-01-01,sudeste,301466489072.45,3243037083.3199997,0.010757537573407092
2019-01-01,sul,117019709311.57,1173584750.5700002,0.010028949460515923
2019-02-01,centro-oeste,66733909174.020004,1350181492.41,0.020232315311982885
2019-02-01,nordeste,92892513200.6,2277538000.6,0.02451799313128379
2019-02-01,norte,18621095466.64,372677226.82000005,0.020013711195866937
2019-02-01,sudeste,303527229665.32996,3260507090.14,0.010742057948919592
2019-02-01,sul,117396339324.79,1242721460.6100001,0.010585691749483546
2019-03-01,centro-oeste,67302883848.2,1463520552.59,0.021745287406865575
2019-03-01,nordeste,93276795243.53,2525761372.37,0.027078131981010525
2019-03-01,norte,18641634925.37,410116334.42,0.02200001963678945
2019-03-01,sudeste,305127825943.43,3581768579.9,0.011738583883083976
2019-03-01,sul,118377239528.12,1359521011.43,0.01148464871160517
2019-04-01,centro-oeste,67550385828.619995,1435252553.6,0.02124714072309424
2019-04-01,nordeste,93641091062.07,2522470097.5,0.026937641038675856
2019-04-01,norte,18711050518.74,388393565.27,0.020757443035120098
2019-04-01,sudeste,306188354511.70996,3594857540.7999997,0.011740673633825341
2019-04-01,sul,118848538681.6,1319123983.3,0.011099202379206244
2019-05-01,centro-oeste,67760321111.509995,1470543035.17,0.021702126127029358
2019-05-01,nordeste,94063184886.24,2593995223.65,0.027577157065085317
2019-05-01,norte,18801946595.16,402919408.39,0.021429664548335628
2019-05-01,sudeste,307671246947.29,3714300180.01,0.012072301902967006
2019-05-01,sul,119424211687.22,1326256655.55,0.01110542524679631
2019-06-01,centro-oeste,68274215754.869995,1360004988.43,0.019919745300523515
2019-06-01,nordeste,94705789436.13,2511196784.67,0.02651576846169011
2019-06-01,norte,19000763594.1,376476968.38,0.01981378098388116
2019-06-01,sudeste,309356795570.26,3539544490.06,0.011441625142047707
2019-06-01,sul,119817683709.36,1193729963.44,0.009962886332668668
2019-07-01,centro-oeste,68765128161.19,1447669206.89,0.021052374155350485
2019-07-01,nordeste,95154105666.81,2709309527.1800003,0.02847285998007141
2019-07-01,norte,19033263647.08,404199136.06,0.021236459682100313
2019-07-01,sudeste,311112599488.43,3891300293.42,0.012507691105466508
2019-07-01,sul,120836923134.76999,1367373721.98,0.011315860140322853
2019-08-01,centro-oeste,68772282449.45,1433453631.3300002,0.020843479091793096
2019-08-01,nordeste,95240065393.45999,2726450627.41,0.028627139388726432
2019-08-01,norte,19182542945.93,417583973.09,0.021768958071255076
2019-08-01,sudeste,312304963044.87,3932679556.18,0.012592433747570568
2019-08-01,sul,120856617711.03,1386610211.96,0.01147318399456955
2019-09-01,centro-oeste,69435778487.97,1417937229.82,0.02042084442195262
2019-09-01,nordeste,95887298936.34,2639550159.79,0.02752763076100839
2019-09-01,norte,19273286545.690002,412961538.96999997,0.021426627886791248
2019-09-01,sudeste,315654590600.83997,3889705575.1,0.012322664364538627
2019-09-01,sul,122208504504.81,1394042809.24,0.011407085086988622
2019-10-01,centro-oeste,69855574449.09,1365125916.5,0.019542118539085086
2019-10-01,nordeste,96550072859.64,2548479220.28,0.02639541478114533
2019-10-01,norte,19475697518.79,396240349.79999995,0.0203453739932914
2019-10-01,sudeste,317883822874.22,3777777691.06,0.01188414577659961
2019-10-01,sul,122760735898.68,1374281390.85,0.011194795964601064
2019-11-01,centro-oeste,70572030605.31999,1428703336.45,0.020244611416102554
2019-11-01,nordeste,97320140328.93,2602736183.36,0.026744065252712078
2019-11-01,norte,19564322237.29,401618566.09999996,0.020528110364820443
2019-11-01,sudeste,321034999739.32996,3999142927.02,0.012457030947613733
2019-11-01,sul,124091144874.9,1453004183.15,0.011709168971039933
2019-12-01,centro-oeste,70931310159.6,1290019839.5800002,0.018186888648713418
2019-12-01,nordeste,97886346988.99,2328110431.69,0.023783811566201973
2019-12-01,norte,19740211704.940002,362117575.72999996,0.018344158671782622
2019-12-01,sudeste,323107944856.96,3570966935.3599997,0.01105193169094269
2019-12-01,sul,124643484385.19,1251428150.4099998,0.010040060710615797
2020-01-01,centro-oeste,71014930175.81,1535385940.99,0.02162060762700014
2020-01-01,nordeste,98134608759.4,2661250028.06,0.027118363864726647
2020-01-01,norte,19808536160.13,410298544.95000005,0.020713218868531842
2020-01-01,sudeste,324401158656.91003,4232407337.0299997,0.01304683175162835
2020-01-01,sul,124788647968.0,1551710104.26,0.012434705636508784
2020-02-01,centro-oeste,71340962896.01,1592809670.8899999,0.022326719548371607
2020-02-01,nordeste,98386934777.88,2724876910.3199997,0.027695515837257535
2020-02-01,norte,19883384156.65,427003633.88,0.021475400289803714
2020-02-01,sudeste,326247470604.8,4394305613.23,0.013469240405400854
2020-02-01,sul,125494429453.68,1561707668.64,0.012444438174974344
2020-03-01,centro-oeste,71913686658.35,2161056740.88,0.03005070162995289
2020-03-01,nordeste,98905409450.23999,3671644214.6899996,0.037122784639370306
2020-03-01,norte,20013070235.63,606647687.29,0.03031257473977995
2020-03-01,sudeste,328442130538.96,6377904550.4,0.0194186553958048
2020-03-01,sul,126294711639.05,2380041464.84,0.018845139546635595
2020-04-01,centro-oeste,72591682243.86,2188106254.9100003,0.030142658046681047
2020-04-01,nordeste,99574765638.17,3768883908.52,0.03784978939559034
2020-04-01,norte,20198356984.92,617083897.42,0.030551192747049278
2020-04-01,sudeste,332042552865.94,6352348910.57,0.01913112899458618
2020-04-01,sul,127563591039.93,2291829207.38,0.017966170352343023
2020-05-01,centro-oeste,73277188828.5,1916388658.09,0.02615259521725335
2020-05-01,nordeste,100243409952.48,3346395369.86,0.033382696891958746
2020-05-01,norte,20376539003.760002,572140654.0500001,0.028078402026194205
2020-05-01,sudeste,335499602592.1,5403377442.26,0.01610546599910409
2020-05-01,sul,128842314222.91,1804601324.48,0.014006278413765996
2020-06-01,centro-oeste,74072106671.06999,1346648300.24,0.01818023491919873
2020-06-01,nordeste,100776519341.45,2546164183.4,0.02526545072243577
2020-06-01,norte,20477375038.63,416407149.24,0.020334986708719232
2020-06-01,sudeste,339092753649.77,3939675986.13,0.011618284211991955
2020-06-01,sul,130456202071.46,1385709493.78,0.010622028479879782
2020-07-01,centro-oeste,74841433728.83,1202531879.0900002,0.01606772905296131
2020-07-01,nordeste,101716025194.75,2331940474.13,0.022925988994017057
2020-07-01,norte,20768150455.48,383647262.66,0.01847286610728346
2020-07-01,sudeste,342968128895.58997,3609563935.87,0.010524487938553794
2020-07-01,sul,131668838202.11,1268372920.68,0.009633053180989292
2020-08-01,centro-oeste,75751019102.18,1144092766.4,0.015103331677383003
2020-08-01,nordeste,102669813289.22,2155231312.69,0.02099186940779498
2020-08-01,norte,20988454340.32,354178800.26,0.016874934881679335
2020-08-01,sudeste,347589538613.48,3311929392.18,0.009528276959632176
2020-08-01,sul,133092609531.33,1183977522.53,0.008895892316630035
2020-09-01,centro-oeste,76491408162.64,1076947578.8799999,0.014079327400930286
2020-09-01,nordeste,103520504656.6,2008678072.9,0.019403673499885084
2020-09-01,norte,21204957733.46,324258082.49,0.015291616543915225
2020-09-01,sudeste,352086995557.04004,3044765841.87,0.008647765695102849
2020-09-01,sul,134479551124.97,1143787557.48,0.008505289822220584
2020-10-01,centro-oeste,77509134746.64,1108169720.21,0.014297278944376797
2020-10-01,nordeste,104422106543.37,2022467689.45,0.01936819468979015
2020-10-01,norte,21324773063.79,329697599.21,0.01546077879580509
2020-10-01,sudeste,356748911388.41,3186139809.7400002,0.00893104283721582
2020-10-01,sul,136174819430.0,1217944208.8600001,0.008943975207443389
2020-11-01,centro-oeste,78477538196.28,1250882050.98,0.015939364049002425
2020-11-01,nordeste,105377581747.2,2157042719.5,0.02046965477604837
2020-11-01,norte,21557060904.690002,359393350.1,0.016671723092910574
2020-11-01,sudeste,361207618993.88,3631859940.7,0.01005477113361093
2020-11-01,sul,137767434353.68,1384929191.95,0.010052660111202878
2020-12-01,centro-oeste,79438895823.94,1067087251.99,0.013432805691999795
2020-12-01,nordeste,106525679802.0,1988176998.92,0.01866382831459455
2020-12-01,norte,21829033429.84,318501189.17999995,0.014590714252359568
2020-12-01,sudeste,366053077623.8,3283517088.82,0.008970057321016533
2020-12-01,sul,139317715124.55,1208405550.15,0.008673739366667663
2021-01-01,centro-oeste,80066251695.34,1201200488.82,0.015002581779283068
2021-01-01,nordeste,107111234195.68,2219381550.66,0.020720343363847746
2021-01-01,norte,21960559959.48,366279352.23,0.01667896232636288
2021-01-01,sudeste,369450099432.26,3865830966.9700003,0.010463743203508907
2021-01-01,sul,140203383557.45,1551643466.97,0.011067090020221913
2021-02-01,centro-oeste,81021392521.8,1479565700.93,0.018261420285166058
2021-02-01,nordeste,107946051180.16,2533926362.56,0.023474007014216043
2021-02-01,norte,22142796264.93,415612548.83,0.01876965058330287
2021-02-01,sudeste,373604760482.99,4662393902.16,0.012479482049780454
2021-02-01,sul,141428279063.54,1966275881.73,0.013902989520551289
2021-03-01,centro-oeste,82033638701.34,1420935069.26,0.0173213707419855
2021-03-01,nordeste,109022079397.75,2511254845.93,0.023034369366301294
2021-03-01,norte,22389590865.8,398929375.73,0.01781762686603456
2021-03-01,sudeste,378909327298.57,4646072968.469999,0.0122617012402258
2021-03-01,sul,142982982760.63998,1850099108.87,0.012939295803942976
2021-04-01,centro-oeste,82898394460.51001,1546936893.25,0.018660637558992874
2021-04-01,nordeste,109928948136.53,2713809612.23,0.024686942413562365
2021-04-01,norte,22607690443.64,426941288.11,0.018884781228509222
2021-04-01,sudeste,384119153488.22,5121835413.86,0.013333975583743116
2021-04-01,sul,144459274719.46002,1984074587.47,0.013734490854416054
2021-05-01,centro-oeste,83888579385.43001,1703904006.16,0.020311513422242296
2021-05-01,nordeste,110884552911.02,2803147409.84,0.02527987295118918
2021-05-01,norte,22894321487.7,455970006.79,0.01991629265077676
2021-05-01,sudeste,389784038842.06,5528349534.01,0.014183109063247407
2021-05-01,sul,146208213341.66,2201464757.8999996,0.015057052593588617
2021-06-01,centro-oeste,84937135510.0,1597274224.5800002,0.018805369582918726
2021-06-01,nordeste,111886119673.22,2632863912.63,0.023531640209881882
2021-06-01,norte,23163503188.33,425850903.74,0.01838456386659803
2021-06-01,sudeste,395313513721.18,5148491137.530001,0.013023817701211454
2021-06-01,sul,147789351093.46,2133066546.01,0.014433154555642359
2021-07-01,centro-oeste,86165151294.45,1621331953.89,0.018816562491133604
2021-07-01,nordeste,112913026514.45999,2677835275.1,0.02371591088967107
2021-07-01,norte,23481914832.19,420295475.49,0.01789868835201809
2021-07-01,sudeste,400849872628.12,5205458385.87,0.0129860547335118
2021-07-01,sul,149679254870.07,2117122069.24,0.014144392094133424
2021-08-01,centro-oeste,87384914477.33,1669341152.44,0.01910331047898516
2021-08-01,nordeste,114145870782.96,2622769489.27,0.022977348819362933
2021-08-01,norte,23839044885.06,404379809.89000005,0.0169629199424607
2021-08-01,sudeste,407211159475.42004,5164442198.24,0.01268246726070319
2021-08-01,sul,151642465057.7,2076824479.8400002,0.013695533629381241
2021-09-01,centro-oeste,88550196931.15,1709784756.8200002,0.019308649964374452
2021-09-01,nordeste,115237304329.84,2677890859.75,0.02323805537905642
2021-09-01,norte,24119770016.969997,404392515.45000005,0.01676601871267764
2021-09-01,sudeste,412629713662.28,5203250959.16,0.01260997641924217
2021-09-01,sul,153412907637.89,2102906498.72,0.0137074939201571
2021-10-01,centro-oeste,89549986362.84,1564589123.7,0.017471684667383133
2021-10-01,nordeste,116190687177.71,2526571961.76,0.021745047069871338
2021-10-01,norte,24391586789.550003,410363855.78000003,0.016823991785389326
2021-10-01,sudeste,417985026738.56,4954225164.01,0.01185263788673644
2021-10-01,sul,155053186283.32,1967783276.53,0.012691021214710028
2021-11-01,centro-oeste,90680802366.99,1565505324.67,0.017263911255817048
2021-11-01,nordeste,117241078601.6,2540449090.06,0.021668591933487465
2021-11-01,norte,24681483398.73,428462528.17,0.017359674912896313
2021-11-01,sudeste,422939565926.48,5016278165.29,0.011860508142106489
2021-11-01,sul,156799879024.21,2031015591.88,0.012952915554012704
2021-12-01,centro-oeste,91778473670.56,1532969229.03,0.01670292790586835
2021-12-01,nordeste,118478996285.29999,2449004888.0299997,0.020670371667673004
2021-12-01,norte,25019411328.77,391081114.40999997,0.01563110775353427
2021-12-01,sudeste,427731679946.91,4677084940.309999,0.01093462364277184
2021-12-01,sul,158480872809.3,2001215510.54,0.012627489204631415
2022-01-01,centro-oeste,92879428050.47,1824508085.6299999,0.019643834204476105
2022-01-01,nordeste,118906361708.49,2911133304.6,0.02448256983706989
2022-01-01,norte,25061152486.170002,434598085.57000005,0.01734150437853299
2022-01-01,sudeste,431295671717.68005,5558077120.02,0.01288692997517081
2022-01-01,sul,160126230169.05,2357008499.29,0.014719690189431403
2022-02-01,centro-oeste,93669677444.16,2117115090.95,0.02260192571082666
2022-02-01,nordeste,119764762871.14,3397623591.58,0.028369142226212625
2022-02-01,norte,25349533025.15,508926956.98,0.020076383911099227
2022-02-01,sudeste,434689229539.92004,6562474202.77,0.015096933065757798
2022-02-01,sul,161336284843.55,2755784761.87,0.017080998019399805
2022-03-01,centro-oeste,94758108445.07,2235671924.84,0.023593462992520464
2022-03-01,nordeste,120674579169.35,3292146587.45,0.02728119385301464
2022-03-01,norte,25588488063.02,504188512.86,0.01970372425358901
2022-03-01,sudeste,438246905293.12,6350839819.809999,0.014491465297541032
2022-03-01,sul,162599226422.7,2622112296.77,0.01612622860796055
2022-04-01,centro-oeste,95542285087.97,2229169918.73,0.02333176265019729
2022-04-01,nordeste,121602196504.81,3155160438.8700004,0.02594657440044841
2022-04-01,norte,25862029132.72,496702204.5,0.01920584815487601
2022-04-01,sudeste,442412658438.05005,6042428926.5,0.013657902438490254
2022-04-01,sul,163833423905.07,2400278052.44,0.014650722637834835
2022-05-01,centro-oeste,96705250903.51,2164564306.09,0.022383110388180954
2022-05-01,nordeste,122850964174.98001,3003033648.44,0.024444526492789234
2022-05-01,norte,26207092266.1,475273722.89,0.01813530925385366
2022-05-01,sudeste,447260787306.97003,5872382969.29,0.013129662013628723
2022-05-01,sul,165493802960.71,2234853995.79,0.013504155175650767
2022-06-01,centro-oeste,98096466935.59,1839522389.23,0.018752177796962127
2022-06-01,nordeste,124190009405.31,2727506512.59,0.021962366583679314
2022-06-01,norte,26572542658.69,441585493.43,0.01661811212806873
2022-06-01,sudeste,452764737070.54,5196552636.02,0.011477379333122373
2022-06-01,sul,167439410077.4,2059784081.42,0.012301668289847958
2022-07-01,centro-oeste,99453416859.92,1854654689.85,0.018648476325979615
2022-07-01,nordeste,125559893182.93,2865875638.42,0.022824769643955217
2022-07-01,norte,26951729073.31,473763014.13,0.01757820482839308
2022-07-01,sudeste,458826696264.47003,5453357004.07,0.01188543964086749
2022-07-01,sul,169545822093.93,2173733764.58,0.012820922024110573
2022-08-01,centro-oeste,100937781222.28,1850028052.9,0.01832840023326809
2022-08-01,nordeste,127074705259.99,2811886898.47,0.022127825460755438
2022-08-01,norte,27355606440.86,471261163.08,0.01722722411944396
2022-08-01,sudeste,464525766117.92,5452128829.43,0.011736978284313245
2022-08-01,sul,171584596122.12,2090188861.16,0.01218168127209026
2022-09-01,centro-oeste,102364146485.5,1850653608.55,0.018079119223762073
2022-09-01,nordeste,128433782476.04,2639539915.15,0.020551757211093744
2022-09-01,norte,27661531711.510002,455069033.53,0.016451331700501788
2022-09-01,sudeste,470047236653.69995,5360072360.72,0.011403263210052549
2022-09-01,sul,173657654069.77002,2017975568.44,0.011620423984474895
2022-10-01,centro-oeste,103577226578.44,2018199196.44,0.019484970423605606
2022-10-01,nordeste,129833096055.18001,2731325800.89,0.021037207644876363
2022-10-01,norte,28005529690.86,485197594.86,0.017325064021851053
2022-10-01,sudeste,475216588403.38,5801619731.76,0.012208369558924967
2022-10-01,sul,175573657318.72,2095018598.81,0.011932419878950856
2022-11-01,centro-oeste,104693410677.54999,2186676143.17,0.02088647345633665
2022-11-01,nordeste,131127446082.96,2743546407.34,0.020922747214982353
2022-11-01,norte,28355147190.92,509254051.93,0.017959845120926597
2022-11-01,sudeste,480299551389.28,5963864785.42,0.012416969302114384
2022-11-01,sul,177364702761.0,2164086966.35,0.012201339571301963
2022-12-01,centro-oeste,105730086689.14,2128435706.2,0.020130842344411138
2022-12-01,nordeste,132661341050.05,2694311758.28,0.020309697889029327
2022-12-01,norte,28713962681.89,475833660.62,0.01657150794167849
2022-12-01,sudeste,485242188226.76,5617493514.639999,0.011576679956803079
2022-12-01,sul,178989133490.59998,2022213169.6599998,0.011297966140308742
